Customer_ID,gender,Age,demographics,profession,Income,Loan_Amount,Loan_Term_Months,Rent_Payments,Utility_Payments_On_Time,Mobile_Phone_Payment_On_Time,social mediaplatform,Social_Media_Activity_Score,Transaction_Behavior_Score,Credit_Score
1,male,60,Urban,Software Engineer,126296,15357,36,964,TRUE,TRUE,Instagram,50,77,402
2,female,27,Urban,Student,101182,47136,60,2274,TRUE,TRUE,Facebook,84,24,735
3,male,47,Sub_Urban,Marketer Manager,102565,4137,48,1746,TRUE,FALSE,Instagram,16,54,570
4,non-binary,67,Urban,Student,49402,1097,60,1130,TRUE,TRUE,Instagram,76,26,406
5,male,35,Urban,Software Engineer,24263,12407,48,1324,TRUE,TRUE,Instagram,77,66,371
6,male,34,Urban,Marketer Manager,143489,31575,36,1787,TRUE,FALSE,Facebook,39,80,320
7,male,43,Urban,Student,116523,13722,12,1730,TRUE,TRUE,YouTube,89,38,421
8,male,25,Urban,Marketer Manager,66828,13924,36,1106,TRUE,FALSE,Instagram,46,65,766
9,non-binary,64,Sub_Urban,Marketer Manager,140824,4750,12,1384,TRUE,TRUE,YouTube,96,75,514
10,non-binary,57,Sub_Urban,Marketer Manager,67924,28733,12,2257,TRUE,TRUE,Instagram,88,51,630
11,female,66,Urban,Student,94182,9535,60,865,TRUE,TRUE,YouTube,47,35,758
12,non-binary,29,Sub_Urban,Marketer Manager,113065,25487,36,775,TRUE,TRUE,Facebook,44,43,387
13,non-binary,44,Rural,Student,79052,31651,48,879,TRUE,TRUE,Facebook,9,29,672
14,female,25,Urban,Software Engineer,31664,5666,36,2266,TRUE,TRUE,Instagram,87,37,399
15,non-binary,42,Rural,Student,55737,49777,60,1832,TRUE,TRUE,YouTube,50,81,430
16,male,63,Sub_Urban,Software Engineer,121332,17994,12,2154,TRUE,TRUE,Facebook,77,58,608
17,male,21,Sub_Urban,Student,109563,2727,60,1791,FALSE,TRUE,Instagram,60,54,643
18,female,50,Rural,Marketer Manager,49373,35622,24,1444,TRUE,TRUE,Instagram,96,39,791
19,female,18,Sub_Urban,Student,137369,11800,24,2308,FALSE,TRUE,Facebook,15,42,713
20,female,36,Urban,Marketer Manager,56397,38823,48,1587,FALSE,TRUE,Facebook,36,28,685
21,male,48,Rural,Software Engineer,148575,44039,60,1309,TRUE,FALSE,Instagram,63,29,491
22,non-binary,33,Urban,Student,106145,19708,48,1873,TRUE,TRUE,YouTube,69,43,576
23,male,31,Rural,Marketer Manager,121371,13819,48,1424,TRUE,FALSE,YouTube,86,3,460
24,female,65,Sub_Urban,Software Engineer,58709,10369,24,2438,TRUE,TRUE,YouTube,80,10,759
25,non-binary,22,Rural,Software Engineer,136074,10283,48,993,TRUE,TRUE,Instagram,41,59,613
26,non-binary,58,Rural,Student,81120,31573,24,2046,TRUE,TRUE,Facebook,74,14,321
27,male,43,Urban,Software Engineer,39250,14171,12,1621,TRUE,TRUE,Instagram,24,76,552
28,female,45,Sub_Urban,Marketer Manager,41172,31933,60,2469,TRUE,TRUE,Facebook,82,47,774
29,male,19,Urban,Software Engineer,31555,6774,48,1594,TRUE,TRUE,YouTube,49,42,358
30,non-binary,67,Sub_Urban,Software Engineer,107410,7519,24,863,TRUE,TRUE,YouTube,18,94,810
31,male,23,Urban,Marketer Manager,98617,11983,36,1069,TRUE,TRUE,Facebook,7,32,775
32,male,26,Rural,Software Engineer,73276,31932,48,2325,TRUE,TRUE,Facebook,4,32,489
33,female,50,Urban,Software Engineer,77492,31798,12,1262,TRUE,TRUE,Instagram,90,42,543
34,female,58,Sub_Urban,Software Engineer,73002,19133,12,775,FALSE,TRUE,YouTube,69,32,804
35,non-binary,42,Sub_Urban,Software Engineer,140103,15939,36,549,TRUE,TRUE,Instagram,60,26,430
36,male,65,Rural,Marketer Manager,144938,1781,24,1881,TRUE,TRUE,Instagram,55,1,784
37,male,30,Sub_Urban,Software Engineer,109599,28624,48,1227,TRUE,TRUE,Instagram,16,56,320
38,male,26,Urban,Marketer Manager,92355,7823,24,1405,TRUE,TRUE,YouTube,99,2,466
39,non-binary,30,Rural,Software Engineer,111248,19489,12,1427,TRUE,TRUE,Instagram,90,81,573
40,non-binary,48,Sub_Urban,Software Engineer,44762,40961,24,1063,TRUE,TRUE,Instagram,82,30,687
41,female,58,Sub_Urban,Software Engineer,31046,30118,12,1282,TRUE,TRUE,Instagram,29,71,615
42,female,28,Urban,Software Engineer,116999,35881,24,984,TRUE,TRUE,Instagram,23,52,313
43,female,21,Urban,Marketer Manager,144130,17280,36,1607,FALSE,TRUE,Instagram,14,91,541
44,male,51,Rural,Marketer Manager,136021,23263,60,2422,TRUE,FALSE,Instagram,79,9,645
45,male,55,Sub_Urban,Marketer Manager,48769,14565,36,2328,TRUE,FALSE,YouTube,49,22,639
46,female,63,Urban,Student,73302,21354,36,2161,TRUE,TRUE,Instagram,33,34,391
47,male,21,Rural,Software Engineer,43150,43951,60,2331,TRUE,TRUE,Facebook,25,49,666
48,female,55,Sub_Urban,Software Engineer,88247,26643,60,1083,TRUE,TRUE,Instagram,21,1,754
49,non-binary,36,Sub_Urban,Marketer Manager,24853,24648,48,1819,TRUE,TRUE,Instagram,17,73,727
50,female,23,Rural,Student,114613,42971,48,735,TRUE,TRUE,YouTube,23,84,808
51,non-binary,51,Rural,Software Engineer,140900,19658,36,555,FALSE,TRUE,YouTube,57,53,334
52,male,35,Urban,Marketer Manager,109399,22253,36,2442,TRUE,FALSE,Facebook,81,83,505
53,female,30,Sub_Urban,Software Engineer,41792,49563,12,859,TRUE,TRUE,Facebook,58,40,380
54,male,58,Sub_Urban,Software Engineer,79129,27390,12,2430,TRUE,TRUE,YouTube,14,45,687
55,non-binary,40,Sub_Urban,Marketer Manager,126019,24128,48,609,TRUE,TRUE,YouTube,93,68,301
56,non-binary,36,Rural,Marketer Manager,94478,14489,48,691,TRUE,TRUE,Instagram,20,9,689
57,non-binary,62,Urban,Software Engineer,133811,39314,12,1403,TRUE,TRUE,YouTube,30,22,405
58,male,28,Sub_Urban,Software Engineer,134130,33658,12,1616,TRUE,FALSE,Facebook,19,18,776
59,male,18,Rural,Marketer Manager,87298,7852,24,1361,TRUE,TRUE,Instagram,53,76,701
60,male,41,Sub_Urban,Software Engineer,51987,30450,24,1067,TRUE,TRUE,Facebook,56,43,461
61,male,24,Urban,Software Engineer,35850,3551,12,1583,TRUE,TRUE,Instagram,77,39,501
62,non-binary,42,Sub_Urban,Marketer Manager,32112,7411,24,1149,TRUE,TRUE,YouTube,82,73,569
63,non-binary,38,Urban,Software Engineer,141789,34243,60,538,TRUE,TRUE,Facebook,23,6,570
64,female,32,Urban,Software Engineer,44058,22800,48,2063,TRUE,TRUE,Instagram,62,83,755
65,female,18,Sub_Urban,Student,65420,11403,48,1572,TRUE,TRUE,Instagram,33,48,761
66,male,29,Sub_Urban,Marketer Manager,58890,8239,12,1943,TRUE,TRUE,YouTube,18,7,551
67,non-binary,24,Urban,Student,86017,7710,36,1136,TRUE,TRUE,YouTube,73,80,595
68,non-binary,32,Rural,Student,67304,22384,12,1536,TRUE,TRUE,YouTube,33,69,637
69,non-binary,38,Urban,Student,52921,22038,24,535,TRUE,TRUE,Facebook,32,16,352
70,female,36,Sub_Urban,Software Engineer,125921,41846,36,600,TRUE,TRUE,Instagram,61,1,516
71,female,46,Sub_Urban,Software Engineer,21524,23447,24,2317,TRUE,TRUE,YouTube,54,37,487
72,non-binary,42,Rural,Student,120424,3285,60,1609,TRUE,TRUE,Facebook,17,83,679
73,non-binary,50,Urban,Student,35048,38991,24,2039,TRUE,TRUE,Facebook,19,37,792
74,non-binary,66,Urban,Student,55111,14521,60,1746,TRUE,TRUE,Facebook,91,81,340
75,female,49,Urban,Software Engineer,57904,48657,60,1861,TRUE,TRUE,YouTube,70,64,456
76,non-binary,66,Sub_Urban,Student,74912,7971,24,2483,TRUE,TRUE,YouTube,99,90,314
77,non-binary,52,Urban,Student,54008,30139,24,665,FALSE,TRUE,Instagram,34,86,364
78,male,61,Rural,Marketer Manager,20060,20909,60,882,TRUE,TRUE,Instagram,84,62,820
79,male,55,Sub_Urban,Marketer Manager,94666,12531,36,2379,TRUE,TRUE,YouTube,25,72,643
80,female,43,Sub_Urban,Software Engineer,103559,15721,60,2418,TRUE,TRUE,Facebook,68,61,428
81,non-binary,28,Urban,Marketer Manager,75337,20206,48,1899,TRUE,TRUE,Facebook,74,33,771
82,non-binary,52,Rural,Marketer Manager,130616,38711,60,1994,TRUE,TRUE,Facebook,74,66,362
83,male,25,Sub_Urban,Marketer Manager,33350,7530,36,1289,TRUE,TRUE,Instagram,88,30,438
84,female,63,Sub_Urban,Software Engineer,44354,12116,48,2165,TRUE,TRUE,Facebook,85,20,798
85,male,31,Urban,Marketer Manager,65186,1258,12,530,TRUE,TRUE,Instagram,11,60,691
86,male,27,Urban,Software Engineer,48145,1282,12,1898,TRUE,TRUE,Instagram,91,82,718
87,male,19,Rural,Student,54020,14937,36,510,TRUE,TRUE,Facebook,16,74,588
88,male,63,Urban,Marketer Manager,106123,2898,60,1825,TRUE,TRUE,Facebook,90,24,678
89,non-binary,26,Rural,Software Engineer,126667,5135,24,595,TRUE,TRUE,YouTube,61,4,789
90,non-binary,20,Sub_Urban,Marketer Manager,95186,7629,36,1713,FALSE,TRUE,YouTube,94,37,530
91,male,38,Rural,Student,105469,44936,48,952,TRUE,TRUE,Facebook,80,4,340
92,female,43,Rural,Software Engineer,40581,20584,48,691,TRUE,TRUE,Instagram,7,77,327
93,female,25,Rural,Software Engineer,108929,24551,12,985,TRUE,FALSE,Instagram,16,89,434
94,female,65,Sub_Urban,Software Engineer,43051,34380,48,1789,TRUE,FALSE,Instagram,99,77,500
95,female,19,Urban,Student,71474,47971,36,1947,TRUE,FALSE,Instagram,16,18,332
96,male,23,Sub_Urban,Student,111748,18071,48,1651,TRUE,TRUE,Instagram,40,88,347
97,non-binary,45,Urban,Student,145995,21074,36,737,TRUE,TRUE,YouTube,12,66,802
98,female,46,Rural,Software Engineer,134618,26188,24,2443,TRUE,TRUE,Facebook,35,48,706
99,male,43,Rural,Student,89626,3307,12,1878,TRUE,TRUE,YouTube,21,33,398
100,female,42,Rural,Marketer Manager,26960,40901,48,2463,FALSE,TRUE,Instagram,50,58,846
101,female,29,Rural,Student,55772,12205,36,1635,TRUE,TRUE,Instagram,43,83,761
102,male,22,Rural,Software Engineer,41520,6906,60,2351,TRUE,TRUE,Instagram,17,73,304
103,non-binary,51,Urban,Marketer Manager,69481,3591,12,1969,TRUE,TRUE,Instagram,32,28,517
104,non-binary,65,Urban,Student,56408,16149,24,1866,TRUE,TRUE,Facebook,41,35,802
105,male,54,Rural,Marketer Manager,114006,45918,36,1668,TRUE,FALSE,Instagram,6,10,697
106,non-binary,32,Sub_Urban,Marketer Manager,148496,40951,24,1588,TRUE,TRUE,Facebook,88,65,692
107,male,61,Sub_Urban,Software Engineer,77134,26150,24,1770,FALSE,TRUE,Instagram,27,42,506
108,male,53,Rural,Marketer Manager,40491,32852,48,1234,TRUE,FALSE,Facebook,20,85,314
109,male,32,Urban,Marketer Manager,21341,43870,48,1490,TRUE,TRUE,YouTube,25,9,760
110,non-binary,60,Sub_Urban,Software Engineer,64623,2283,36,2013,TRUE,TRUE,Instagram,66,60,540
111,male,65,Sub_Urban,Software Engineer,110327,34691,60,1324,FALSE,TRUE,Facebook,9,15,395
112,female,40,Sub_Urban,Software Engineer,20338,2125,36,1962,TRUE,TRUE,YouTube,92,99,784
113,non-binary,23,Rural,Marketer Manager,91431,2529,60,605,TRUE,FALSE,Instagram,53,57,706
114,non-binary,63,Sub_Urban,Marketer Manager,32254,27170,24,680,TRUE,TRUE,Instagram,61,69,530
115,non-binary,67,Sub_Urban,Marketer Manager,71860,9438,12,683,TRUE,TRUE,Instagram,38,22,470
116,non-binary,61,Sub_Urban,Software Engineer,31344,21095,36,725,TRUE,TRUE,Facebook,3,64,840
117,female,60,Sub_Urban,Student,21750,17154,36,1276,TRUE,TRUE,Facebook,84,41,335
118,non-binary,62,Urban,Marketer Manager,74756,9004,60,1289,TRUE,FALSE,YouTube,70,87,824
119,non-binary,38,Rural,Student,87957,10752,24,2432,TRUE,TRUE,Facebook,97,71,459
120,male,40,Rural,Software Engineer,125423,44360,24,1612,TRUE,TRUE,Facebook,55,56,542
121,non-binary,60,Urban,Marketer Manager,78053,27819,60,1187,TRUE,TRUE,Instagram,1,23,385
122,female,33,Urban,Student,90855,37632,24,1029,TRUE,TRUE,Instagram,70,25,327
123,female,64,Rural,Marketer Manager,35896,27515,48,1894,TRUE,FALSE,Instagram,45,91,639
124,female,32,Sub_Urban,Marketer Manager,75761,25217,12,1471,TRUE,TRUE,Instagram,98,6,630
125,female,42,Sub_Urban,Marketer Manager,82552,24172,36,1435,TRUE,TRUE,Instagram,47,34,805
126,non-binary,53,Rural,Student,140075,33994,12,2436,TRUE,TRUE,Instagram,79,63,647
127,non-binary,28,Sub_Urban,Software Engineer,97454,16036,36,1922,TRUE,TRUE,Instagram,26,9,772
128,female,68,Urban,Marketer Manager,146522,12739,48,605,FALSE,TRUE,YouTube,14,60,530
129,female,32,Sub_Urban,Software Engineer,138681,33220,24,1794,TRUE,FALSE,YouTube,54,49,489
130,non-binary,21,Sub_Urban,Software Engineer,110600,10587,60,2498,TRUE,TRUE,YouTube,71,97,524
131,female,38,Sub_Urban,Student,142732,45517,48,1330,TRUE,FALSE,YouTube,46,51,684
132,male,30,Rural,Student,132153,31129,12,2026,TRUE,TRUE,Instagram,31,60,676
133,female,39,Urban,Software Engineer,142926,1645,60,1178,TRUE,TRUE,YouTube,88,70,582
134,female,36,Sub_Urban,Marketer Manager,47935,31930,24,2048,TRUE,TRUE,Instagram,59,37,558
135,male,51,Rural,Student,57641,17299,48,1348,TRUE,TRUE,YouTube,95,31,658
136,male,31,Sub_Urban,Marketer Manager,49711,31090,60,1555,TRUE,FALSE,Facebook,29,98,755
137,non-binary,21,Urban,Marketer Manager,90342,22953,48,892,TRUE,TRUE,YouTube,96,41,710
138,non-binary,65,Sub_Urban,Marketer Manager,126896,47443,48,539,TRUE,TRUE,YouTube,17,62,617
139,male,69,Urban,Software Engineer,32182,27475,24,1159,TRUE,TRUE,Instagram,14,93,524
140,male,63,Sub_Urban,Marketer Manager,107833,19888,36,1741,TRUE,TRUE,YouTube,36,58,533
141,non-binary,44,Urban,Software Engineer,76276,44732,60,2254,TRUE,TRUE,Facebook,58,14,673
142,female,46,Sub_Urban,Software Engineer,39541,17087,24,1480,FALSE,TRUE,Instagram,24,36,771
143,male,64,Urban,Marketer Manager,114457,47305,48,1605,TRUE,TRUE,Instagram,63,36,532
144,non-binary,45,Sub_Urban,Marketer Manager,102310,47037,24,1344,TRUE,TRUE,YouTube,91,79,412
145,female,52,Sub_Urban,Marketer Manager,64813,10346,36,2243,TRUE,TRUE,Instagram,25,8,796
146,male,25,Rural,Marketer Manager,57198,1587,60,700,TRUE,TRUE,Instagram,59,26,741
147,female,33,Rural,Software Engineer,28820,13763,36,946,TRUE,TRUE,Instagram,32,36,567
148,non-binary,59,Urban,Marketer Manager,44070,42945,12,2367,TRUE,TRUE,Instagram,82,48,809
149,male,53,Sub_Urban,Marketer Manager,89768,5079,60,1951,TRUE,FALSE,Instagram,18,85,685
150,female,47,Urban,Software Engineer,31122,37116,36,1561,TRUE,TRUE,Instagram,37,28,686
151,male,35,Rural,Student,100559,21215,48,1734,TRUE,TRUE,Facebook,26,68,412
152,female,19,Urban,Student,93543,26817,60,943,TRUE,TRUE,YouTube,9,62,380
153,non-binary,66,Urban,Software Engineer,103441,25765,60,1850,TRUE,TRUE,Facebook,99,80,412
154,non-binary,30,Rural,Student,61786,31112,24,1260,TRUE,TRUE,Instagram,64,86,301
155,male,21,Sub_Urban,Software Engineer,114934,26556,48,726,FALSE,TRUE,Instagram,72,76,519
156,female,43,Urban,Marketer Manager,119804,19099,12,547,TRUE,TRUE,YouTube,20,80,524
157,male,42,Rural,Marketer Manager,26737,44553,36,1541,TRUE,TRUE,Facebook,54,51,684
158,male,47,Sub_Urban,Student,56062,46096,24,1411,TRUE,TRUE,YouTube,86,42,702
159,female,28,Rural,Marketer Manager,74237,7450,36,1962,FALSE,TRUE,Facebook,83,29,429
160,female,24,Urban,Student,71571,14230,12,2330,TRUE,FALSE,Instagram,30,82,352
161,female,48,Sub_Urban,Student,45510,30009,12,2231,TRUE,TRUE,YouTube,53,10,715
162,non-binary,61,Sub_Urban,Marketer Manager,39426,6433,60,686,TRUE,TRUE,YouTube,92,39,546
163,male,27,Rural,Marketer Manager,57265,34866,12,844,TRUE,FALSE,Instagram,99,82,738
164,male,56,Rural,Student,37850,40864,36,723,TRUE,TRUE,YouTube,63,1,502
165,non-binary,30,Rural,Marketer Manager,138249,19710,48,1329,TRUE,TRUE,Facebook,11,39,483
166,female,48,Sub_Urban,Software Engineer,86150,12439,48,987,TRUE,TRUE,Facebook,31,21,422
167,non-binary,24,Sub_Urban,Marketer Manager,107312,42855,60,2432,TRUE,FALSE,Facebook,49,65,700
168,non-binary,66,Urban,Marketer Manager,109613,17021,36,1376,TRUE,TRUE,Facebook,94,15,593
169,non-binary,59,Sub_Urban,Software Engineer,94910,7416,36,1348,TRUE,FALSE,Instagram,87,4,579
170,male,59,Urban,Marketer Manager,72375,7980,12,1752,TRUE,TRUE,YouTube,19,60,497
171,non-binary,53,Rural,Marketer Manager,141826,19058,36,1913,TRUE,TRUE,Facebook,12,61,810
172,male,37,Rural,Student,55435,12101,24,1478,TRUE,FALSE,Instagram,15,20,443
173,male,21,Sub_Urban,Marketer Manager,116443,41718,12,2112,TRUE,TRUE,YouTube,31,10,500
174,male,24,Rural,Marketer Manager,77132,33602,24,1516,TRUE,TRUE,YouTube,43,87,423
175,female,18,Rural,Software Engineer,98945,10122,60,687,TRUE,TRUE,Instagram,37,34,486
176,male,61,Sub_Urban,Student,102050,13576,48,2381,TRUE,TRUE,Instagram,79,48,625
177,male,62,Urban,Student,149828,28516,60,769,TRUE,FALSE,Facebook,29,33,763
178,female,59,Sub_Urban,Student,115402,23433,48,2130,TRUE,TRUE,YouTube,26,98,648
179,male,64,Urban,Marketer Manager,22983,2089,60,809,TRUE,TRUE,YouTube,2,61,702
180,non-binary,30,Sub_Urban,Student,117241,38346,36,1655,TRUE,TRUE,Instagram,84,10,645
181,non-binary,39,Sub_Urban,Software Engineer,40662,10127,24,2074,TRUE,TRUE,YouTube,15,54,810
182,male,38,Rural,Student,43510,11487,48,1595,TRUE,TRUE,Facebook,4,84,446
183,female,39,Sub_Urban,Software Engineer,98187,1155,12,2316,TRUE,TRUE,YouTube,86,65,447
184,non-binary,45,Sub_Urban,Student,60998,2958,24,1344,TRUE,TRUE,Instagram,50,77,788
185,female,26,Urban,Student,76846,11693,12,2195,TRUE,FALSE,Instagram,38,1,637
186,female,43,Rural,Software Engineer,114071,40112,24,1710,TRUE,TRUE,Facebook,23,5,772
187,non-binary,26,Urban,Student,26640,39547,24,985,FALSE,TRUE,Facebook,59,80,450
188,female,32,Urban,Student,64547,29795,60,1714,TRUE,FALSE,YouTube,90,15,714
189,non-binary,27,Rural,Student,74620,22447,48,1945,TRUE,TRUE,YouTube,75,28,597
190,female,41,Rural,Marketer Manager,35317,37598,48,619,TRUE,TRUE,Instagram,28,95,562
191,non-binary,59,Rural,Software Engineer,135608,42814,24,719,TRUE,TRUE,Facebook,66,23,443
192,male,25,Sub_Urban,Student,27564,26215,36,552,TRUE,FALSE,Facebook,8,17,645
193,non-binary,41,Rural,Software Engineer,47345,10794,36,2257,TRUE,TRUE,Facebook,29,98,301
194,non-binary,33,Rural,Software Engineer,133824,34209,12,1974,TRUE,FALSE,YouTube,11,13,603
195,non-binary,66,Rural,Software Engineer,114223,23424,12,1935,TRUE,TRUE,Facebook,18,14,553
196,non-binary,43,Urban,Student,143372,48246,60,2166,TRUE,TRUE,Instagram,55,11,752
197,female,44,Urban,Student,99273,38396,24,1760,TRUE,TRUE,Instagram,50,28,336
198,male,54,Sub_Urban,Software Engineer,94859,7370,12,1257,TRUE,TRUE,YouTube,14,42,459
199,non-binary,21,Urban,Marketer Manager,100765,10528,12,1237,TRUE,TRUE,YouTube,74,96,308
200,female,67,Sub_Urban,Software Engineer,130017,29276,24,1219,TRUE,TRUE,Facebook,99,99,532
201,male,41,Urban,Marketer Manager,94038,45333,60,905,TRUE,TRUE,YouTube,9,61,398
202,male,36,Rural,Software Engineer,143618,9179,12,1107,TRUE,TRUE,Instagram,99,64,507
203,male,53,Urban,Software Engineer,72393,49781,60,1520,TRUE,TRUE,Facebook,11,31,430
204,male,56,Sub_Urban,Software Engineer,86081,17843,48,921,TRUE,TRUE,Instagram,63,81,703
205,non-binary,27,Urban,Student,145341,24952,60,1211,TRUE,TRUE,Facebook,76,73,451
206,non-binary,42,Rural,Marketer Manager,122650,34160,36,746,TRUE,TRUE,YouTube,67,10,353
207,female,35,Sub_Urban,Marketer Manager,49430,45898,36,571,TRUE,TRUE,Facebook,53,8,419
208,female,36,Rural,Software Engineer,95532,30516,60,2353,TRUE,TRUE,Facebook,39,21,719
209,female,53,Rural,Student,47788,11449,36,684,TRUE,TRUE,Instagram,78,77,721
210,male,27,Sub_Urban,Student,115505,22125,48,505,TRUE,TRUE,Instagram,56,59,403
211,male,50,Rural,Marketer Manager,68543,8418,24,1729,TRUE,FALSE,Facebook,28,50,553
212,non-binary,67,Rural,Student,33919,23746,36,2067,TRUE,TRUE,YouTube,75,69,526
213,male,22,Urban,Marketer Manager,89346,3454,36,2134,TRUE,TRUE,YouTube,39,70,411
214,male,64,Rural,Marketer Manager,116122,18761,60,1405,TRUE,TRUE,Instagram,25,30,809
215,male,66,Rural,Marketer Manager,59974,16223,48,886,TRUE,TRUE,YouTube,21,95,772
216,female,52,Rural,Student,127309,7701,24,2291,TRUE,TRUE,Instagram,10,17,398
217,female,61,Rural,Marketer Manager,36371,3597,60,1198,FALSE,TRUE,YouTube,43,75,452
218,non-binary,51,Sub_Urban,Marketer Manager,65084,1141,60,1599,TRUE,TRUE,Facebook,15,20,637
219,male,50,Urban,Software Engineer,49629,3659,48,1700,TRUE,TRUE,Instagram,83,48,462
220,male,38,Rural,Marketer Manager,71184,21980,24,1326,TRUE,TRUE,Instagram,48,73,460
221,non-binary,34,Rural,Marketer Manager,81916,10031,48,2322,TRUE,TRUE,Facebook,86,2,697
222,male,39,Sub_Urban,Software Engineer,147293,16037,24,848,TRUE,TRUE,Instagram,21,37,576
223,male,65,Rural,Software Engineer,93972,47738,48,1778,TRUE,TRUE,YouTube,60,1,803
224,female,54,Sub_Urban,Student,82187,39429,60,2360,TRUE,FALSE,YouTube,96,4,691
225,non-binary,32,Urban,Marketer Manager,32984,7142,60,2225,TRUE,TRUE,Instagram,50,54,434
226,non-binary,52,Urban,Student,53039,13109,12,807,TRUE,TRUE,YouTube,23,25,494
227,non-binary,45,Rural,Student,105431,23010,36,1868,TRUE,FALSE,Instagram,13,3,700
228,non-binary,24,Rural,Software Engineer,103691,9787,48,1650,TRUE,TRUE,Facebook,69,9,332
229,female,49,Rural,Student,78606,43864,12,2460,FALSE,TRUE,Instagram,4,86,759
230,female,28,Sub_Urban,Marketer Manager,30616,9472,36,786,TRUE,TRUE,Facebook,92,87,769
231,male,27,Rural,Software Engineer,122665,24383,48,1265,TRUE,FALSE,YouTube,78,76,674
232,male,26,Rural,Marketer Manager,125373,5249,24,1224,TRUE,TRUE,Facebook,72,74,321
233,male,31,Urban,Marketer Manager,70072,48717,36,1261,FALSE,TRUE,YouTube,9,34,337
234,male,30,Rural,Software Engineer,44574,35518,60,2119,TRUE,TRUE,Instagram,35,43,529
235,female,42,Urban,Marketer Manager,23430,19351,12,2010,TRUE,FALSE,YouTube,21,74,664
236,non-binary,19,Rural,Software Engineer,139123,5088,36,882,TRUE,TRUE,Instagram,58,94,737
237,female,52,Urban,Marketer Manager,32676,16282,36,1929,TRUE,TRUE,Instagram,18,22,582
238,male,24,Rural,Software Engineer,30816,20330,60,887,TRUE,FALSE,Facebook,97,70,326
239,female,38,Urban,Student,52733,43409,48,1024,TRUE,TRUE,Facebook,72,2,525
240,non-binary,35,Sub_Urban,Marketer Manager,105680,22778,24,2080,FALSE,TRUE,Facebook,81,94,576
241,non-binary,20,Urban,Software Engineer,22050,25264,60,1138,TRUE,TRUE,Facebook,43,66,583
242,female,59,Urban,Marketer Manager,129996,6075,24,1437,TRUE,TRUE,YouTube,95,32,780
243,female,56,Urban,Marketer Manager,53933,11412,48,2149,TRUE,FALSE,YouTube,98,16,752
244,female,58,Rural,Marketer Manager,44951,49454,36,2468,TRUE,TRUE,YouTube,6,76,815
245,male,66,Rural,Software Engineer,52413,29365,24,775,TRUE,TRUE,Instagram,86,1,846
246,female,28,Rural,Student,54801,8230,12,999,TRUE,TRUE,YouTube,78,72,491
247,female,56,Sub_Urban,Student,75619,49200,12,1216,TRUE,TRUE,YouTube,67,48,348
248,female,41,Sub_Urban,Student,52913,12002,60,836,TRUE,FALSE,YouTube,12,50,811
249,non-binary,63,Urban,Software Engineer,132573,14947,48,2473,TRUE,TRUE,Facebook,12,13,316
250,non-binary,36,Sub_Urban,Student,139076,14686,60,1431,TRUE,TRUE,YouTube,66,15,471
251,male,21,Urban,Software Engineer,60600,30304,60,980,TRUE,TRUE,Instagram,2,53,519
252,male,43,Urban,Marketer Manager,77775,14074,60,2420,TRUE,FALSE,Facebook,15,44,457
253,non-binary,55,Urban,Marketer Manager,110816,5493,12,1410,FALSE,TRUE,Instagram,23,8,776
254,non-binary,59,Sub_Urban,Student,149972,35228,12,2496,TRUE,TRUE,YouTube,29,74,345
255,non-binary,49,Rural,Software Engineer,110093,15140,60,1796,FALSE,TRUE,Facebook,81,46,672
256,female,56,Sub_Urban,Marketer Manager,132590,32655,12,2443,TRUE,TRUE,Instagram,96,69,817
257,female,62,Urban,Software Engineer,55400,44472,48,1581,TRUE,TRUE,YouTube,7,19,398
258,non-binary,63,Urban,Software Engineer,24494,7816,60,1851,TRUE,TRUE,Instagram,94,38,336
259,female,53,Sub_Urban,Marketer Manager,100688,12639,12,2254,TRUE,TRUE,Instagram,28,11,579
260,female,57,Urban,Software Engineer,142744,48192,24,608,TRUE,TRUE,Instagram,14,43,648
261,male,54,Urban,Marketer Manager,109431,47733,60,1802,TRUE,TRUE,YouTube,44,20,796
262,non-binary,50,Sub_Urban,Marketer Manager,94691,30492,60,2209,TRUE,FALSE,YouTube,30,20,601
263,non-binary,53,Sub_Urban,Marketer Manager,117419,12240,48,827,TRUE,TRUE,Instagram,81,21,480
264,female,20,Sub_Urban,Software Engineer,128730,33698,36,2299,TRUE,FALSE,Facebook,32,82,398
265,non-binary,26,Urban,Marketer Manager,63001,27957,36,814,TRUE,TRUE,Facebook,70,57,415
266,male,25,Urban,Software Engineer,87364,33808,48,1997,TRUE,TRUE,YouTube,88,50,490
267,male,50,Rural,Marketer Manager,144988,6827,48,1634,TRUE,FALSE,YouTube,6,74,552
268,male,23,Rural,Marketer Manager,65028,33762,48,1198,TRUE,TRUE,YouTube,27,98,460
269,non-binary,58,Sub_Urban,Student,127434,9259,36,1280,TRUE,TRUE,YouTube,82,26,555
270,non-binary,56,Rural,Student,117659,15849,48,2458,TRUE,FALSE,YouTube,88,30,622
271,non-binary,21,Urban,Student,57573,17232,12,1752,TRUE,TRUE,Facebook,24,73,427
272,non-binary,30,Rural,Software Engineer,20806,41572,60,2020,TRUE,TRUE,YouTube,34,31,317
273,non-binary,66,Urban,Software Engineer,144343,25173,60,655,TRUE,TRUE,Instagram,40,42,622
274,male,19,Sub_Urban,Marketer Manager,76638,6374,24,1996,TRUE,TRUE,Instagram,47,68,587
275,female,22,Sub_Urban,Marketer Manager,148301,22174,24,2224,TRUE,TRUE,Facebook,79,61,454
276,male,61,Urban,Marketer Manager,146295,24567,60,1795,TRUE,TRUE,Instagram,75,61,789
277,non-binary,44,Rural,Marketer Manager,126506,36292,12,1386,FALSE,TRUE,Facebook,86,70,685
278,male,49,Sub_Urban,Software Engineer,49757,10277,36,1525,TRUE,TRUE,Facebook,24,78,403
279,non-binary,38,Sub_Urban,Marketer Manager,54636,32600,36,1257,TRUE,TRUE,Instagram,65,68,692
280,non-binary,25,Rural,Marketer Manager,100097,10885,12,1221,TRUE,TRUE,YouTube,18,90,545
281,male,55,Rural,Student,68280,1778,36,2034,TRUE,TRUE,Instagram,44,17,475
282,non-binary,25,Urban,Marketer Manager,44262,30165,48,1412,TRUE,TRUE,Instagram,76,19,338
283,female,67,Rural,Marketer Manager,100435,2492,60,1809,TRUE,TRUE,Facebook,57,51,776
284,non-binary,20,Rural,Marketer Manager,82211,31462,60,1370,TRUE,TRUE,Instagram,28,70,837
285,female,61,Rural,Software Engineer,74842,14615,12,512,FALSE,TRUE,Facebook,71,63,707
286,female,20,Urban,Student,148583,45900,36,1107,TRUE,TRUE,YouTube,23,93,824
287,non-binary,39,Urban,Marketer Manager,76979,43946,24,997,TRUE,FALSE,YouTube,85,75,805
288,male,23,Sub_Urban,Marketer Manager,134524,8851,24,2256,TRUE,TRUE,YouTube,34,80,335
289,female,19,Urban,Student,101470,17288,36,737,TRUE,TRUE,Instagram,11,30,319
290,male,40,Sub_Urban,Marketer Manager,58197,8156,24,1617,TRUE,TRUE,Facebook,86,25,620
291,female,61,Rural,Software Engineer,61844,3044,12,1861,TRUE,TRUE,YouTube,35,75,811
292,non-binary,19,Sub_Urban,Marketer Manager,84754,8368,12,1280,TRUE,FALSE,Facebook,93,71,699
293,non-binary,55,Sub_Urban,Software Engineer,121868,20900,36,1694,TRUE,FALSE,Facebook,42,26,770
294,female,34,Rural,Software Engineer,54157,31600,24,1105,TRUE,TRUE,YouTube,28,56,442
295,non-binary,52,Sub_Urban,Marketer Manager,97129,47403,12,1160,FALSE,TRUE,YouTube,82,22,391
296,female,51,Urban,Student,60042,26634,12,2147,TRUE,FALSE,Facebook,78,89,653
297,non-binary,40,Urban,Software Engineer,81665,10168,48,2090,TRUE,FALSE,YouTube,82,19,350
298,male,47,Urban,Student,135512,21961,48,1348,FALSE,TRUE,Facebook,92,31,489
299,non-binary,69,Urban,Marketer Manager,136953,45096,12,1435,TRUE,TRUE,Facebook,24,26,424
300,male,25,Sub_Urban,Software Engineer,102856,47087,36,1990,TRUE,TRUE,YouTube,8,42,449
301,non-binary,39,Sub_Urban,Marketer Manager,47376,24852,60,1127,TRUE,FALSE,Instagram,53,41,613
302,male,61,Rural,Student,129049,34110,60,642,TRUE,TRUE,YouTube,72,23,641
303,non-binary,53,Sub_Urban,Marketer Manager,75554,33174,12,1724,TRUE,TRUE,Instagram,4,47,604
304,male,22,Sub_Urban,Marketer Manager,34199,35215,12,1703,TRUE,TRUE,Facebook,91,13,353
305,female,30,Sub_Urban,Software Engineer,138533,27955,12,1213,FALSE,TRUE,Facebook,5,89,743
306,female,46,Rural,Marketer Manager,101412,7581,36,1887,TRUE,TRUE,Instagram,97,66,563
307,male,48,Urban,Marketer Manager,70948,45619,48,978,TRUE,FALSE,Facebook,49,66,352
308,non-binary,64,Sub_Urban,Marketer Manager,93781,7317,12,1064,TRUE,TRUE,Instagram,98,16,304
309,male,33,Rural,Software Engineer,92750,43856,12,970,FALSE,TRUE,Instagram,30,73,402
310,non-binary,59,Rural,Student,86262,46714,24,883,TRUE,TRUE,Facebook,72,28,495
311,female,47,Rural,Student,137424,27649,36,2215,FALSE,TRUE,Instagram,63,77,649
312,non-binary,33,Urban,Marketer Manager,66600,24132,12,1425,TRUE,TRUE,YouTube,47,35,346
313,female,29,Sub_Urban,Software Engineer,96898,17789,24,916,TRUE,TRUE,YouTube,26,41,568
314,non-binary,34,Rural,Marketer Manager,82483,15567,60,2348,TRUE,TRUE,Facebook,57,77,669
315,non-binary,33,Urban,Student,38297,15868,12,807,TRUE,TRUE,Facebook,37,31,405
316,non-binary,29,Rural,Software Engineer,50448,25370,12,1148,TRUE,TRUE,Instagram,98,85,419
317,male,25,Rural,Student,46172,43533,24,2217,TRUE,TRUE,Instagram,7,32,357
318,male,37,Rural,Student,62874,31483,36,1890,TRUE,FALSE,Instagram,40,54,645
319,female,20,Rural,Software Engineer,27657,13466,12,1524,TRUE,FALSE,Instagram,92,98,773
320,female,33,Rural,Software Engineer,104386,29803,60,1567,TRUE,TRUE,YouTube,39,72,416
321,male,47,Urban,Marketer Manager,145617,19230,12,1238,FALSE,TRUE,YouTube,62,59,426
322,female,62,Sub_Urban,Marketer Manager,45425,18862,60,2366,TRUE,FALSE,Facebook,92,41,692
323,male,40,Sub_Urban,Student,46685,44355,48,1621,TRUE,TRUE,Instagram,78,66,357
324,non-binary,45,Sub_Urban,Software Engineer,142000,32259,48,2243,TRUE,TRUE,Instagram,53,96,812
325,female,68,Sub_Urban,Software Engineer,132855,34539,60,1788,TRUE,FALSE,Facebook,4,54,395
326,female,57,Urban,Marketer Manager,44578,22909,36,2323,TRUE,TRUE,Instagram,82,40,417
327,male,22,Urban,Student,48831,31795,12,2306,TRUE,TRUE,Instagram,25,28,787
328,female,37,Urban,Student,27906,9770,12,639,TRUE,FALSE,Instagram,7,37,536
329,female,57,Rural,Marketer Manager,81413,12093,48,2004,TRUE,TRUE,Instagram,28,65,571
330,non-binary,61,Rural,Software Engineer,74028,47571,60,1760,TRUE,TRUE,Instagram,69,74,488
331,female,18,Rural,Marketer Manager,27287,1193,12,1473,TRUE,TRUE,Facebook,67,55,746
332,non-binary,47,Sub_Urban,Marketer Manager,53660,35775,12,1516,TRUE,TRUE,Instagram,95,4,546
333,male,38,Rural,Marketer Manager,95758,18569,36,1452,TRUE,TRUE,Facebook,20,99,375
334,female,37,Sub_Urban,Marketer Manager,80504,12190,24,1403,TRUE,TRUE,Instagram,83,10,453
335,non-binary,23,Rural,Software Engineer,79720,43752,48,571,TRUE,FALSE,YouTube,11,47,734
336,male,39,Sub_Urban,Marketer Manager,122979,33327,48,2190,TRUE,TRUE,YouTube,67,75,385
337,female,35,Rural,Software Engineer,54701,43070,24,1713,FALSE,TRUE,YouTube,87,14,584
338,male,25,Rural,Marketer Manager,103300,21389,12,1791,TRUE,TRUE,YouTube,7,38,519
339,female,56,Urban,Student,130177,41197,36,1844,TRUE,TRUE,Facebook,23,12,368
340,male,49,Rural,Software Engineer,37674,3261,36,606,TRUE,TRUE,Facebook,61,45,346
341,male,50,Rural,Student,103560,29369,48,1755,TRUE,FALSE,Instagram,71,17,393
342,non-binary,33,Urban,Marketer Manager,131543,27512,36,1565,TRUE,FALSE,YouTube,34,80,752
343,male,29,Sub_Urban,Marketer Manager,43874,7716,24,2225,TRUE,TRUE,Facebook,19,35,503
344,female,55,Urban,Marketer Manager,63642,22259,12,1382,TRUE,TRUE,Instagram,58,66,517
345,female,69,Urban,Software Engineer,143867,29933,24,638,TRUE,TRUE,Instagram,9,75,773
346,non-binary,51,Sub_Urban,Student,117820,42689,60,1114,TRUE,TRUE,Facebook,48,41,731
347,female,31,Rural,Software Engineer,85160,5378,48,2206,TRUE,TRUE,YouTube,82,67,640
348,female,53,Sub_Urban,Software Engineer,37602,41583,36,1362,TRUE,TRUE,Instagram,41,29,588
349,female,50,Rural,Marketer Manager,123320,47546,60,772,TRUE,FALSE,YouTube,48,18,553
350,male,40,Rural,Student,108801,20835,36,2004,TRUE,TRUE,YouTube,45,20,656
351,male,67,Sub_Urban,Marketer Manager,45931,30033,12,915,TRUE,TRUE,YouTube,25,14,322
352,female,62,Urban,Software Engineer,114377,25000,12,1005,TRUE,TRUE,Instagram,78,34,821
353,non-binary,19,Sub_Urban,Marketer Manager,49192,46496,12,1232,TRUE,TRUE,YouTube,25,49,399
354,male,58,Rural,Student,66542,11332,36,2248,TRUE,TRUE,Instagram,19,54,479
355,non-binary,38,Sub_Urban,Marketer Manager,147015,43604,60,2376,TRUE,TRUE,YouTube,39,31,522
356,female,19,Sub_Urban,Student,62520,3800,12,923,TRUE,TRUE,Instagram,79,58,741
357,female,44,Rural,Student,84772,30538,60,1930,TRUE,TRUE,YouTube,80,42,624
358,male,26,Urban,Marketer Manager,78762,31119,36,2091,TRUE,TRUE,Facebook,27,58,815
359,female,18,Sub_Urban,Software Engineer,70106,9333,60,889,TRUE,TRUE,YouTube,74,82,315
360,male,28,Rural,Marketer Manager,101121,6410,36,841,TRUE,TRUE,YouTube,63,30,635
361,female,20,Rural,Software Engineer,45559,18839,36,1445,TRUE,TRUE,Instagram,68,25,557
362,female,69,Sub_Urban,Software Engineer,125595,31519,48,1113,TRUE,TRUE,Instagram,19,63,796
363,male,40,Urban,Marketer Manager,53742,6808,36,2456,TRUE,TRUE,YouTube,28,19,459
364,male,43,Sub_Urban,Software Engineer,89669,7796,36,992,TRUE,TRUE,Facebook,85,72,774
365,male,21,Urban,Software Engineer,100199,22180,24,691,TRUE,TRUE,Facebook,78,92,679
366,female,35,Urban,Marketer Manager,41754,44056,12,998,TRUE,TRUE,Instagram,33,8,844
367,female,23,Urban,Marketer Manager,23972,18709,48,1321,TRUE,TRUE,Facebook,10,95,726
368,non-binary,52,Urban,Marketer Manager,90831,18543,48,2235,TRUE,TRUE,YouTube,83,3,567
369,male,39,Sub_Urban,Software Engineer,132217,38418,48,1756,TRUE,TRUE,Instagram,30,67,716
370,female,60,Rural,Student,61873,30075,24,2468,FALSE,TRUE,YouTube,22,86,467
371,female,32,Rural,Software Engineer,114661,38755,36,726,TRUE,FALSE,Instagram,3,81,342
372,male,39,Rural,Student,126532,48968,12,1894,TRUE,TRUE,Instagram,82,17,584
373,non-binary,54,Rural,Marketer Manager,146267,38465,60,638,TRUE,FALSE,Instagram,75,14,696
374,male,69,Rural,Student,29903,31502,36,1355,TRUE,TRUE,Instagram,48,9,311
375,non-binary,59,Rural,Marketer Manager,23020,17724,24,1316,TRUE,TRUE,Facebook,2,62,601
376,female,29,Sub_Urban,Marketer Manager,61755,4828,36,1672,TRUE,FALSE,YouTube,76,94,552
377,non-binary,64,Urban,Student,105956,18087,36,1638,TRUE,TRUE,YouTube,54,21,798
378,female,66,Rural,Marketer Manager,106988,13605,24,1973,FALSE,TRUE,YouTube,6,76,334
379,male,59,Sub_Urban,Student,65648,32337,48,1586,TRUE,TRUE,Instagram,40,37,389
380,male,55,Rural,Marketer Manager,123537,6482,48,603,TRUE,TRUE,Facebook,93,96,717
381,male,35,Rural,Software Engineer,145991,28005,12,2374,TRUE,TRUE,YouTube,94,11,414
382,non-binary,62,Urban,Software Engineer,29516,23760,12,1370,TRUE,TRUE,Facebook,2,20,495
383,female,52,Urban,Marketer Manager,132863,6463,48,1167,TRUE,FALSE,Instagram,73,35,800
384,male,47,Urban,Marketer Manager,135005,47628,60,772,TRUE,TRUE,YouTube,2,53,792
385,male,41,Rural,Student,22396,5912,36,1529,TRUE,FALSE,Facebook,93,47,374
386,female,59,Rural,Software Engineer,104082,5648,60,1670,TRUE,FALSE,Instagram,97,75,712
387,male,47,Rural,Student,39129,34623,36,683,TRUE,TRUE,Facebook,74,52,675
388,female,31,Urban,Marketer Manager,148322,36634,48,1551,FALSE,TRUE,YouTube,98,8,719
389,female,23,Sub_Urban,Marketer Manager,21591,45602,12,2485,TRUE,FALSE,YouTube,55,4,576
390,female,20,Rural,Student,31303,4112,12,2073,FALSE,FALSE,Instagram,72,27,693
391,female,33,Rural,Marketer Manager,50561,23054,60,1642,TRUE,TRUE,Instagram,60,44,756
392,female,24,Rural,Software Engineer,91719,5492,12,792,TRUE,TRUE,Instagram,97,40,491
393,non-binary,69,Sub_Urban,Student,138618,23207,48,1894,TRUE,TRUE,Facebook,6,47,398
394,male,31,Rural,Software Engineer,112108,16114,60,1767,TRUE,TRUE,Facebook,19,94,847
395,non-binary,26,Sub_Urban,Software Engineer,148748,35285,36,2103,TRUE,TRUE,Facebook,96,44,395
396,male,32,Rural,Software Engineer,119616,17018,12,2249,TRUE,TRUE,Instagram,27,48,489
397,non-binary,38,Sub_Urban,Student,144165,22386,24,1741,TRUE,TRUE,YouTube,1,91,336
398,female,52,Rural,Marketer Manager,106231,18740,12,676,TRUE,TRUE,YouTube,33,85,668
399,male,19,Urban,Software Engineer,27314,45199,36,1822,TRUE,TRUE,Facebook,40,52,824
400,male,44,Urban,Software Engineer,137071,9210,60,2199,TRUE,TRUE,Facebook,32,84,578
401,non-binary,19,Urban,Software Engineer,39623,45363,36,557,TRUE,TRUE,YouTube,69,68,516
402,non-binary,52,Urban,Marketer Manager,87675,46639,24,1792,TRUE,TRUE,YouTube,17,11,572
403,male,35,Rural,Marketer Manager,132992,13743,48,807,TRUE,TRUE,Facebook,8,77,361
404,non-binary,31,Urban,Student,116826,43092,12,2093,TRUE,TRUE,Facebook,57,73,641
405,non-binary,37,Sub_Urban,Marketer Manager,85082,45299,60,1811,FALSE,TRUE,YouTube,42,4,696
406,non-binary,35,Urban,Student,149839,7588,48,1476,TRUE,FALSE,Instagram,98,76,318
407,female,27,Urban,Student,103624,4311,36,1628,TRUE,TRUE,Facebook,9,73,476
408,female,42,Urban,Student,125228,23432,60,1751,TRUE,TRUE,YouTube,87,77,695
409,non-binary,19,Rural,Student,53130,34755,48,1770,TRUE,TRUE,YouTube,35,48,744
410,non-binary,42,Urban,Student,71756,4321,60,1199,TRUE,FALSE,YouTube,71,26,532
411,female,50,Sub_Urban,Software Engineer,117624,16812,24,2017,TRUE,TRUE,YouTube,79,77,375
412,female,53,Urban,Marketer Manager,46292,38383,24,582,TRUE,TRUE,Instagram,53,39,564
413,male,48,Urban,Software Engineer,131785,49280,12,1709,TRUE,TRUE,YouTube,54,92,754
414,male,31,Urban,Student,147331,14146,12,751,TRUE,TRUE,Facebook,84,58,683
415,female,18,Sub_Urban,Marketer Manager,106206,14654,24,1878,TRUE,TRUE,Instagram,25,19,805
416,non-binary,63,Urban,Software Engineer,89274,36820,60,2273,TRUE,TRUE,YouTube,67,88,666
417,non-binary,33,Sub_Urban,Software Engineer,22469,1726,24,2395,FALSE,TRUE,Instagram,62,83,443
418,non-binary,63,Sub_Urban,Student,73947,4760,12,2219,TRUE,TRUE,Facebook,55,77,368
419,non-binary,69,Urban,Software Engineer,42534,23190,24,1295,TRUE,TRUE,YouTube,46,77,398
420,male,20,Sub_Urban,Software Engineer,83620,2875,24,1396,TRUE,TRUE,Facebook,24,58,695
421,female,52,Rural,Software Engineer,68874,24377,60,2461,TRUE,TRUE,YouTube,98,28,324
422,non-binary,58,Urban,Software Engineer,69708,47737,48,709,FALSE,TRUE,YouTube,46,66,768
423,male,23,Urban,Software Engineer,94553,5033,12,1315,TRUE,TRUE,YouTube,22,10,783
424,non-binary,42,Sub_Urban,Student,88344,39211,60,2331,TRUE,TRUE,YouTube,11,86,450
425,female,30,Sub_Urban,Student,69138,18373,24,1108,TRUE,TRUE,YouTube,48,77,443
426,male,51,Urban,Software Engineer,74302,4744,24,946,TRUE,TRUE,Instagram,8,58,338
427,female,25,Rural,Student,67638,25995,48,959,TRUE,FALSE,YouTube,39,73,408
428,female,38,Sub_Urban,Student,98249,17977,12,1467,TRUE,TRUE,YouTube,35,97,341
429,male,51,Sub_Urban,Marketer Manager,125865,33402,12,971,FALSE,TRUE,Instagram,49,14,485
430,male,21,Rural,Software Engineer,22719,35542,36,2243,TRUE,TRUE,Instagram,46,84,697
431,male,42,Rural,Student,42890,11651,12,869,TRUE,TRUE,Instagram,38,15,522
432,male,32,Urban,Student,97236,34703,48,1399,TRUE,TRUE,Instagram,8,96,432
433,male,21,Rural,Software Engineer,56509,14395,36,2457,TRUE,TRUE,Instagram,54,33,462
434,male,62,Urban,Marketer Manager,62534,30808,36,2015,TRUE,TRUE,Instagram,37,17,514
435,male,29,Rural,Software Engineer,122302,37576,24,1422,TRUE,TRUE,YouTube,91,24,534
436,non-binary,49,Sub_Urban,Marketer Manager,112241,17715,24,636,TRUE,TRUE,YouTube,92,30,308
437,female,49,Urban,Software Engineer,38787,45409,12,866,TRUE,TRUE,Facebook,40,62,373
438,male,45,Urban,Software Engineer,146209,25306,36,1411,TRUE,TRUE,YouTube,34,13,791
439,non-binary,30,Urban,Software Engineer,68845,20086,24,683,TRUE,TRUE,YouTube,96,62,552
440,non-binary,48,Rural,Software Engineer,77932,15376,48,2111,TRUE,TRUE,Instagram,79,47,529
441,non-binary,31,Sub_Urban,Marketer Manager,112124,6889,24,1810,TRUE,TRUE,Instagram,17,16,818
442,female,37,Urban,Marketer Manager,111659,38822,24,971,TRUE,FALSE,YouTube,33,66,473
443,male,35,Urban,Student,53062,37636,36,1898,TRUE,FALSE,Facebook,47,81,467
444,non-binary,46,Urban,Software Engineer,95713,21584,36,1153,TRUE,TRUE,Instagram,52,96,469
445,female,23,Urban,Marketer Manager,107263,35610,60,1248,TRUE,TRUE,YouTube,80,43,692
446,female,49,Sub_Urban,Marketer Manager,115756,11058,48,1036,FALSE,TRUE,YouTube,93,8,493
447,female,46,Rural,Marketer Manager,80461,10101,36,2034,TRUE,TRUE,Facebook,9,3,816
448,non-binary,60,Sub_Urban,Software Engineer,95418,13497,12,1301,TRUE,TRUE,Facebook,33,12,328
449,male,19,Urban,Student,86672,5658,48,2102,TRUE,TRUE,Instagram,60,84,464
450,non-binary,40,Sub_Urban,Marketer Manager,148232,12381,48,1773,TRUE,TRUE,Facebook,93,16,721
451,non-binary,36,Urban,Software Engineer,54832,41312,36,1419,TRUE,FALSE,YouTube,77,78,638
452,male,48,Rural,Marketer Manager,147335,41486,48,1009,FALSE,TRUE,YouTube,21,80,795
453,male,68,Rural,Marketer Manager,51966,47619,36,1129,TRUE,TRUE,Facebook,58,59,664
454,male,22,Rural,Student,92545,18154,24,1501,FALSE,TRUE,Facebook,85,49,641
455,female,36,Urban,Marketer Manager,32987,20539,60,1596,FALSE,TRUE,Facebook,69,63,799
456,male,51,Sub_Urban,Marketer Manager,57311,12777,24,1805,TRUE,TRUE,Facebook,10,62,810
457,non-binary,27,Rural,Software Engineer,51575,35396,36,1415,TRUE,TRUE,Instagram,6,49,626
458,male,42,Urban,Software Engineer,83852,31373,36,2483,TRUE,TRUE,Facebook,13,51,516
459,non-binary,19,Urban,Student,147650,34154,24,1883,TRUE,TRUE,Instagram,65,33,600
460,female,28,Sub_Urban,Software Engineer,21007,7031,12,1533,TRUE,TRUE,YouTube,20,30,431
461,non-binary,67,Rural,Software Engineer,90981,28997,12,1734,TRUE,TRUE,Facebook,57,59,369
462,non-binary,48,Urban,Student,96242,7439,12,2358,TRUE,TRUE,Instagram,46,76,551
463,male,32,Sub_Urban,Marketer Manager,67517,23785,36,651,TRUE,TRUE,Facebook,8,15,714
464,male,26,Rural,Student,130022,14392,48,1528,TRUE,TRUE,YouTube,10,82,744
465,non-binary,40,Sub_Urban,Software Engineer,49257,29669,36,1718,TRUE,TRUE,YouTube,73,92,481
466,male,36,Sub_Urban,Student,107272,29939,48,2477,TRUE,TRUE,YouTube,67,23,466
467,female,26,Urban,Marketer Manager,62207,3282,24,1806,TRUE,TRUE,Facebook,11,78,390
468,female,52,Urban,Student,33281,35624,60,963,TRUE,TRUE,Facebook,12,94,830
469,male,38,Urban,Software Engineer,81246,49438,48,1636,TRUE,FALSE,Instagram,10,97,338
470,female,26,Sub_Urban,Software Engineer,21435,25364,12,770,TRUE,TRUE,YouTube,25,45,425
471,male,45,Urban,Student,118875,2998,36,1686,TRUE,TRUE,Facebook,49,62,750
472,non-binary,63,Sub_Urban,Marketer Manager,120686,32705,24,959,TRUE,TRUE,YouTube,49,79,472
473,non-binary,68,Sub_Urban,Student,111357,39244,12,604,TRUE,FALSE,YouTube,89,71,519
474,female,24,Urban,Marketer Manager,46660,10428,24,2216,TRUE,TRUE,Instagram,11,15,357
475,male,33,Rural,Marketer Manager,25084,38437,60,2079,TRUE,TRUE,Instagram,62,46,775
476,male,33,Rural,Student,102197,13336,36,1805,TRUE,TRUE,Instagram,36,64,755
477,female,50,Rural,Marketer Manager,33507,10342,36,2210,TRUE,TRUE,Instagram,39,46,660
478,non-binary,21,Sub_Urban,Software Engineer,92595,40832,60,661,TRUE,TRUE,YouTube,53,56,300
479,female,21,Sub_Urban,Student,103807,8446,36,850,TRUE,TRUE,Instagram,90,44,686
480,non-binary,56,Sub_Urban,Marketer Manager,65539,39392,48,933,TRUE,TRUE,Instagram,78,75,647
481,male,57,Urban,Software Engineer,135953,8461,24,1351,TRUE,FALSE,Instagram,56,29,489
482,non-binary,34,Sub_Urban,Student,27491,35587,12,639,TRUE,TRUE,Instagram,1,95,804
483,female,54,Urban,Software Engineer,147706,11516,60,1994,TRUE,TRUE,YouTube,56,62,490
484,male,56,Urban,Software Engineer,132831,14749,48,1655,TRUE,TRUE,Instagram,4,89,807
485,female,69,Rural,Software Engineer,70192,18514,12,586,TRUE,TRUE,YouTube,30,52,668
486,female,46,Rural,Marketer Manager,100395,36426,12,2211,TRUE,TRUE,Facebook,12,54,708
487,non-binary,69,Rural,Student,143797,37268,60,682,TRUE,TRUE,YouTube,35,88,416
488,female,53,Urban,Student,83888,25950,48,867,TRUE,TRUE,YouTube,77,57,433
489,non-binary,55,Urban,Marketer Manager,93609,35888,12,628,TRUE,TRUE,Instagram,52,83,357
490,male,56,Urban,Student,29077,37788,12,1769,TRUE,TRUE,Facebook,31,66,472
491,non-binary,67,Sub_Urban,Software Engineer,137440,11213,48,2124,TRUE,TRUE,Facebook,87,22,448
492,male,54,Urban,Student,142901,37027,36,2101,TRUE,TRUE,Facebook,68,20,379
493,non-binary,69,Rural,Marketer Manager,40953,29011,12,1169,FALSE,TRUE,Facebook,52,33,512
494,female,52,Rural,Software Engineer,96919,43849,24,2422,TRUE,TRUE,YouTube,80,72,502
495,non-binary,24,Urban,Marketer Manager,134682,35591,48,1901,TRUE,FALSE,Facebook,7,25,528
496,non-binary,44,Urban,Software Engineer,141041,18858,12,648,TRUE,FALSE,YouTube,22,46,526
497,male,45,Rural,Software Engineer,87889,19626,60,1484,TRUE,TRUE,YouTube,93,73,831
498,female,39,Urban,Student,43821,14467,24,1351,TRUE,TRUE,YouTube,75,98,740
499,non-binary,31,Rural,Software Engineer,57567,40758,12,1956,TRUE,TRUE,Facebook,56,57,701
500,female,24,Sub_Urban,Marketer Manager,135374,4134,24,1127,TRUE,TRUE,Instagram,97,87,346
501,non-binary,54,Rural,Student,44860,17743,24,2249,TRUE,TRUE,Instagram,58,5,532
502,non-binary,39,Sub_Urban,Marketer Manager,41195,16434,36,1992,TRUE,TRUE,Facebook,93,55,604
503,female,22,Urban,Software Engineer,97475,48775,24,945,TRUE,TRUE,Instagram,64,61,825
504,non-binary,19,Urban,Marketer Manager,110874,11233,36,2004,TRUE,TRUE,Instagram,12,89,442
505,female,44,Sub_Urban,Marketer Manager,107266,2141,48,1383,TRUE,TRUE,YouTube,7,8,714
506,non-binary,38,Urban,Software Engineer,41427,19019,36,793,TRUE,TRUE,YouTube,55,16,812
507,male,55,Sub_Urban,Student,120732,21384,60,2288,TRUE,TRUE,Facebook,62,48,672
508,female,32,Urban,Marketer Manager,47083,43903,12,1666,TRUE,TRUE,Facebook,90,61,558
509,non-binary,38,Rural,Software Engineer,107046,46734,48,749,TRUE,TRUE,Instagram,73,15,770
510,non-binary,27,Urban,Student,77372,37129,48,1377,TRUE,TRUE,YouTube,98,65,311
511,male,40,Rural,Student,143786,23967,60,1447,FALSE,TRUE,Facebook,77,22,629
512,female,56,Rural,Student,64064,41603,36,1474,TRUE,TRUE,Facebook,55,3,657
513,non-binary,22,Sub_Urban,Marketer Manager,27813,12172,12,1825,TRUE,TRUE,Facebook,36,54,707
514,male,18,Urban,Marketer Manager,51598,17390,36,1548,TRUE,TRUE,Facebook,89,14,672
515,non-binary,30,Sub_Urban,Marketer Manager,132718,4267,24,1288,TRUE,TRUE,Facebook,24,36,307
516,female,38,Urban,Student,146879,40332,36,1483,TRUE,TRUE,Facebook,44,82,421
517,non-binary,43,Rural,Marketer Manager,113106,27167,48,1388,TRUE,TRUE,Instagram,17,82,647
518,non-binary,67,Rural,Software Engineer,47082,22312,12,1389,TRUE,TRUE,YouTube,2,67,389
519,non-binary,62,Urban,Marketer Manager,49241,28840,36,2424,TRUE,TRUE,YouTube,13,10,615
520,non-binary,38,Urban,Marketer Manager,116214,19990,12,569,TRUE,TRUE,Facebook,31,49,477
521,male,35,Sub_Urban,Student,64569,45179,12,1124,TRUE,FALSE,YouTube,93,65,839
522,male,54,Urban,Marketer Manager,31745,6906,24,1374,TRUE,TRUE,YouTube,28,91,340
523,female,62,Urban,Software Engineer,46029,49796,24,1635,TRUE,TRUE,YouTube,60,57,801
524,male,49,Urban,Student,33025,41379,48,1887,TRUE,TRUE,Facebook,27,27,444
525,male,53,Sub_Urban,Software Engineer,121660,18297,60,1826,TRUE,TRUE,Facebook,15,75,500
526,female,34,Urban,Student,143395,3011,12,970,TRUE,FALSE,YouTube,95,5,760
527,male,52,Rural,Student,34288,45014,60,2487,TRUE,TRUE,YouTube,79,71,846
528,male,66,Sub_Urban,Marketer Manager,109186,47558,48,590,TRUE,TRUE,Facebook,33,83,552
529,female,28,Sub_Urban,Software Engineer,26540,12738,12,1029,TRUE,TRUE,Instagram,20,57,689
530,female,38,Rural,Student,117768,29797,12,1160,TRUE,TRUE,YouTube,42,93,555
531,female,69,Rural,Marketer Manager,101958,48498,60,1238,TRUE,TRUE,Instagram,12,15,749
532,non-binary,43,Rural,Student,88878,12120,36,1225,TRUE,TRUE,YouTube,73,99,309
533,non-binary,21,Urban,Student,61846,9767,24,1371,TRUE,TRUE,Instagram,23,76,541
534,female,51,Rural,Student,121148,23852,36,2186,FALSE,TRUE,Instagram,72,30,550
535,female,69,Urban,Student,95932,14703,60,691,TRUE,TRUE,Instagram,96,20,304
536,female,65,Sub_Urban,Student,37482,1929,24,2486,TRUE,FALSE,Facebook,14,37,418
537,non-binary,35,Sub_Urban,Student,43411,12951,36,2075,TRUE,TRUE,Instagram,91,3,673
538,non-binary,57,Rural,Marketer Manager,70975,27039,24,1765,TRUE,TRUE,Instagram,25,73,364
539,male,52,Urban,Student,80545,49613,12,637,TRUE,TRUE,Instagram,77,41,445
540,male,58,Rural,Software Engineer,132302,30504,36,844,TRUE,TRUE,YouTube,85,39,523
541,female,46,Rural,Marketer Manager,98797,18438,24,1703,TRUE,TRUE,Instagram,31,26,538
542,non-binary,69,Urban,Software Engineer,72307,49515,24,1508,FALSE,TRUE,YouTube,54,2,476
543,non-binary,46,Rural,Student,23093,6744,24,2235,FALSE,TRUE,Instagram,5,23,581
544,non-binary,55,Sub_Urban,Software Engineer,97258,19284,36,1002,TRUE,TRUE,Instagram,13,23,362
545,female,59,Rural,Student,42042,43417,48,702,TRUE,FALSE,Facebook,28,85,516
546,male,38,Urban,Student,72930,40748,36,1072,TRUE,TRUE,YouTube,43,16,760
547,female,59,Urban,Marketer Manager,137584,8069,60,691,TRUE,TRUE,Instagram,89,9,404
548,male,30,Sub_Urban,Marketer Manager,64413,43359,36,504,TRUE,FALSE,YouTube,99,13,398
549,male,66,Urban,Student,133387,20799,24,2413,TRUE,TRUE,YouTube,47,28,810
550,female,58,Urban,Marketer Manager,113623,34210,12,1760,TRUE,TRUE,Facebook,71,27,684
551,male,34,Sub_Urban,Software Engineer,117883,29226,36,2216,TRUE,TRUE,Facebook,38,51,704
552,male,26,Rural,Marketer Manager,53756,5652,36,810,TRUE,TRUE,Facebook,96,64,817
553,non-binary,58,Sub_Urban,Marketer Manager,73268,25323,24,1048,TRUE,FALSE,Facebook,67,52,775
554,male,18,Rural,Software Engineer,59214,43138,12,555,TRUE,FALSE,Facebook,62,81,736
555,female,19,Sub_Urban,Marketer Manager,101871,8597,12,942,TRUE,TRUE,Facebook,39,38,322
556,female,65,Rural,Student,147844,48093,60,1760,TRUE,TRUE,Facebook,37,65,757
557,male,46,Sub_Urban,Software Engineer,48602,38226,36,1369,TRUE,TRUE,Facebook,86,18,382
558,non-binary,50,Rural,Student,73331,7591,12,2384,TRUE,TRUE,Instagram,8,63,444
559,non-binary,27,Sub_Urban,Software Engineer,68901,26833,12,1720,TRUE,TRUE,YouTube,81,51,384
560,male,67,Rural,Student,119986,12826,48,1084,TRUE,TRUE,Facebook,52,9,377
561,male,57,Sub_Urban,Student,83416,27417,48,2094,TRUE,FALSE,Facebook,91,13,756
562,female,38,Urban,Marketer Manager,52196,19693,12,1251,FALSE,FALSE,YouTube,33,40,300
563,male,45,Rural,Student,148386,15138,60,2037,TRUE,TRUE,Instagram,81,55,350
564,non-binary,28,Sub_Urban,Marketer Manager,25626,3169,12,1972,FALSE,TRUE,YouTube,42,79,745
565,male,51,Rural,Software Engineer,27424,19556,24,859,TRUE,TRUE,YouTube,76,43,748
566,female,25,Rural,Student,32857,23052,36,2223,TRUE,TRUE,Facebook,27,44,787
567,female,39,Sub_Urban,Student,130459,7313,60,1318,TRUE,TRUE,YouTube,8,68,333
568,female,25,Rural,Software Engineer,135621,9315,24,529,TRUE,TRUE,YouTube,23,33,647
569,female,66,Sub_Urban,Software Engineer,39982,9036,60,2302,FALSE,TRUE,Facebook,64,24,394
570,female,32,Urban,Student,96961,32778,24,607,TRUE,TRUE,Facebook,93,36,371
571,male,34,Rural,Software Engineer,21980,28734,36,1343,TRUE,TRUE,Facebook,20,10,453
572,male,40,Urban,Marketer Manager,68290,24173,36,2458,TRUE,FALSE,Facebook,16,20,549
573,male,41,Rural,Software Engineer,46431,31403,48,2125,TRUE,TRUE,YouTube,17,75,737
574,male,62,Rural,Software Engineer,104976,1785,24,1216,TRUE,TRUE,YouTube,80,12,417
575,female,36,Rural,Student,127288,7139,48,1390,TRUE,TRUE,Instagram,19,62,605
576,non-binary,22,Sub_Urban,Marketer Manager,102711,7344,24,2491,TRUE,TRUE,Instagram,8,18,567
577,male,49,Urban,Software Engineer,134187,19800,48,2482,TRUE,FALSE,YouTube,38,94,353
578,non-binary,61,Rural,Marketer Manager,46385,26372,36,1459,TRUE,TRUE,Instagram,38,63,535
579,male,18,Sub_Urban,Marketer Manager,58158,21538,60,1968,TRUE,TRUE,YouTube,53,84,688
580,male,40,Rural,Marketer Manager,43019,15973,48,1392,TRUE,TRUE,Instagram,93,25,700
581,non-binary,54,Sub_Urban,Student,38639,6619,24,1961,TRUE,TRUE,Facebook,90,12,602
582,female,25,Rural,Software Engineer,105530,35704,24,1231,TRUE,TRUE,Instagram,31,21,506
583,male,30,Urban,Student,119911,37575,36,2413,TRUE,TRUE,Facebook,44,25,528
584,male,25,Urban,Software Engineer,41563,40919,24,1105,TRUE,TRUE,Facebook,60,11,374
585,male,40,Rural,Software Engineer,59341,43261,12,956,TRUE,TRUE,Facebook,76,64,734
586,non-binary,60,Sub_Urban,Student,135672,46123,60,1114,FALSE,TRUE,Facebook,17,73,402
587,female,18,Rural,Marketer Manager,25776,28716,48,2258,TRUE,TRUE,Instagram,79,50,721
588,non-binary,62,Sub_Urban,Marketer Manager,56444,4236,60,1197,TRUE,TRUE,YouTube,73,62,605
589,non-binary,68,Rural,Software Engineer,88916,16848,36,2219,TRUE,TRUE,Facebook,39,89,397
590,female,41,Sub_Urban,Student,28711,3352,48,2018,TRUE,FALSE,Instagram,42,99,634
591,non-binary,52,Urban,Marketer Manager,94318,2932,48,1173,TRUE,FALSE,Facebook,48,96,734
592,female,41,Rural,Marketer Manager,102970,11913,12,1770,FALSE,TRUE,Instagram,12,49,746
593,male,34,Urban,Software Engineer,132301,9556,36,1042,TRUE,TRUE,Instagram,96,14,607
594,female,22,Urban,Software Engineer,105553,22300,24,2087,TRUE,TRUE,Instagram,89,1,548
595,male,37,Rural,Student,50707,6498,12,1356,TRUE,TRUE,YouTube,18,81,465
596,non-binary,38,Rural,Software Engineer,59110,11582,12,2111,TRUE,TRUE,Instagram,79,25,780
597,non-binary,57,Sub_Urban,Marketer Manager,149410,47633,60,1396,TRUE,TRUE,Instagram,96,59,634
598,male,48,Sub_Urban,Marketer Manager,81788,10569,60,1962,TRUE,TRUE,YouTube,6,72,841
599,non-binary,63,Urban,Marketer Manager,102879,5857,60,777,TRUE,TRUE,YouTube,43,69,405
600,female,53,Sub_Urban,Marketer Manager,58827,1340,12,1051,TRUE,FALSE,Instagram,35,5,380
601,male,28,Sub_Urban,Student,127188,44949,24,2136,TRUE,TRUE,YouTube,98,99,432
602,non-binary,69,Rural,Student,25655,17766,48,610,TRUE,TRUE,Facebook,54,19,437
603,male,32,Sub_Urban,Software Engineer,64859,27132,60,884,TRUE,TRUE,Facebook,62,23,483
604,female,36,Urban,Software Engineer,73625,9491,24,2356,TRUE,TRUE,YouTube,69,9,700
605,female,24,Sub_Urban,Software Engineer,72098,1138,36,1260,TRUE,FALSE,YouTube,82,94,629
606,non-binary,68,Urban,Student,35251,1358,60,1714,TRUE,TRUE,Instagram,16,50,807
607,female,45,Rural,Marketer Manager,142413,10714,48,2013,TRUE,TRUE,YouTube,8,16,368
608,male,68,Urban,Software Engineer,20526,20840,36,1193,FALSE,TRUE,Instagram,89,33,845
609,female,60,Sub_Urban,Marketer Manager,88760,35395,36,1949,TRUE,TRUE,Facebook,96,2,352
610,male,22,Rural,Software Engineer,67837,31654,48,904,TRUE,TRUE,YouTube,90,14,749
611,male,22,Sub_Urban,Software Engineer,145133,26879,60,1858,TRUE,TRUE,Instagram,86,1,504
612,female,47,Rural,Software Engineer,149478,16996,12,1732,TRUE,TRUE,Instagram,31,90,425
613,non-binary,49,Rural,Software Engineer,31536,38772,48,521,TRUE,TRUE,Facebook,10,58,342
614,female,25,Sub_Urban,Software Engineer,48541,27762,48,1177,TRUE,TRUE,YouTube,56,89,410
615,male,27,Sub_Urban,Marketer Manager,99083,14283,48,1110,TRUE,TRUE,Facebook,76,16,482
616,male,55,Rural,Software Engineer,71027,40420,36,1731,TRUE,TRUE,Instagram,92,79,394
617,female,64,Rural,Marketer Manager,54531,20554,24,507,TRUE,TRUE,Instagram,70,90,673
618,non-binary,49,Sub_Urban,Student,28712,21219,12,1201,TRUE,TRUE,YouTube,20,47,819
619,non-binary,65,Urban,Software Engineer,124101,35919,60,2210,FALSE,TRUE,Instagram,5,44,659
620,male,45,Sub_Urban,Marketer Manager,85455,10429,60,2308,TRUE,TRUE,YouTube,23,80,580
621,male,34,Rural,Student,94744,47840,24,1028,TRUE,TRUE,Facebook,9,14,494
622,non-binary,48,Sub_Urban,Student,141787,45695,48,1101,TRUE,TRUE,YouTube,58,93,494
623,female,25,Urban,Student,149749,40673,12,2176,TRUE,TRUE,YouTube,59,24,392
624,male,57,Sub_Urban,Marketer Manager,25109,20218,60,1156,FALSE,TRUE,Instagram,93,55,360
625,male,42,Rural,Software Engineer,141332,13452,60,665,TRUE,TRUE,Instagram,80,15,350
626,non-binary,26,Sub_Urban,Software Engineer,69268,49980,48,1348,TRUE,TRUE,YouTube,54,83,702
627,female,19,Rural,Marketer Manager,120737,19951,24,995,TRUE,TRUE,Instagram,46,72,304
628,non-binary,32,Rural,Software Engineer,74615,2307,12,1089,TRUE,TRUE,Instagram,22,34,765
629,female,67,Sub_Urban,Marketer Manager,102503,15852,24,928,TRUE,TRUE,Instagram,64,2,833
630,female,20,Rural,Software Engineer,143274,26232,24,1273,TRUE,TRUE,YouTube,8,27,704
631,female,66,Rural,Student,49759,36428,12,662,TRUE,TRUE,Instagram,20,74,812
632,male,53,Urban,Software Engineer,105708,44171,12,865,TRUE,TRUE,YouTube,51,99,532
633,non-binary,21,Urban,Marketer Manager,80112,27485,60,2049,TRUE,TRUE,Instagram,78,87,823
634,non-binary,31,Urban,Marketer Manager,122471,11238,60,1762,TRUE,TRUE,Facebook,39,72,645
635,female,58,Urban,Student,146740,39975,12,571,TRUE,TRUE,Instagram,37,92,345
636,male,58,Rural,Marketer Manager,143153,2140,36,1968,TRUE,TRUE,Instagram,50,23,845
637,male,42,Sub_Urban,Software Engineer,46589,25842,60,1154,TRUE,TRUE,YouTube,34,68,377
638,non-binary,67,Rural,Software Engineer,50015,27421,36,2345,TRUE,TRUE,YouTube,75,14,372
639,male,27,Rural,Student,49009,2708,12,2032,TRUE,TRUE,Instagram,33,63,548
640,male,38,Rural,Marketer Manager,103309,4630,60,2318,TRUE,TRUE,Facebook,31,93,346
641,female,53,Sub_Urban,Student,146446,20595,24,768,TRUE,FALSE,Instagram,54,65,420
642,male,29,Urban,Software Engineer,82046,11485,12,2276,TRUE,FALSE,Instagram,44,68,513
643,female,44,Rural,Student,126661,29308,48,914,TRUE,TRUE,Facebook,34,63,538
644,non-binary,57,Rural,Marketer Manager,46143,45789,36,1768,TRUE,TRUE,YouTube,71,96,355
645,male,19,Urban,Student,26154,27086,12,1515,TRUE,TRUE,Instagram,62,97,649
646,non-binary,30,Rural,Marketer Manager,41804,17859,12,1174,TRUE,TRUE,YouTube,23,90,406
647,non-binary,49,Sub_Urban,Marketer Manager,61688,8684,60,1583,TRUE,TRUE,YouTube,46,81,347
648,male,48,Rural,Software Engineer,84288,26552,60,505,TRUE,TRUE,Facebook,56,87,636
649,male,33,Rural,Software Engineer,71195,2207,60,2232,TRUE,TRUE,Facebook,7,64,325
650,non-binary,49,Urban,Software Engineer,40581,47099,48,1481,TRUE,TRUE,YouTube,89,32,556
651,male,49,Rural,Marketer Manager,72648,2960,60,1069,TRUE,TRUE,Instagram,61,79,307
652,female,51,Rural,Student,50087,1557,12,2340,TRUE,TRUE,YouTube,3,13,552
653,female,28,Sub_Urban,Marketer Manager,69930,30689,60,906,TRUE,TRUE,Instagram,38,66,602
654,male,27,Urban,Software Engineer,52981,49651,24,1740,TRUE,FALSE,Instagram,84,19,355
655,non-binary,32,Urban,Software Engineer,89298,14893,60,2453,TRUE,TRUE,Facebook,34,24,825
656,male,34,Sub_Urban,Student,66167,33272,48,525,TRUE,TRUE,Instagram,44,88,773
657,male,57,Rural,Software Engineer,95304,1882,24,2338,TRUE,TRUE,Instagram,30,11,327
658,non-binary,35,Urban,Software Engineer,63408,38529,12,1528,TRUE,FALSE,YouTube,17,59,377
659,non-binary,26,Urban,Software Engineer,59499,39635,12,1485,TRUE,TRUE,Facebook,59,86,515
660,female,42,Rural,Student,145816,30535,36,2055,TRUE,TRUE,Instagram,10,15,685
661,non-binary,57,Rural,Marketer Manager,72269,13869,24,889,FALSE,TRUE,Instagram,99,10,664
662,female,31,Urban,Software Engineer,58559,8166,36,1209,TRUE,TRUE,Facebook,84,41,825
663,non-binary,42,Rural,Student,134126,13982,24,1070,TRUE,TRUE,YouTube,18,27,611
664,male,67,Urban,Software Engineer,94319,41697,24,1971,TRUE,TRUE,Facebook,45,60,306
665,female,39,Rural,Student,131925,39115,48,1253,TRUE,TRUE,Facebook,91,73,302
666,female,69,Rural,Software Engineer,115317,8269,36,645,FALSE,FALSE,Instagram,59,52,662
667,female,47,Sub_Urban,Student,116347,29064,48,1911,TRUE,TRUE,Instagram,62,28,807
668,male,37,Rural,Software Engineer,68787,14527,24,1284,TRUE,TRUE,YouTube,59,65,573
669,male,38,Sub_Urban,Marketer Manager,55488,3454,12,1772,TRUE,TRUE,Instagram,49,17,805
670,male,61,Rural,Software Engineer,94441,21878,24,1025,TRUE,TRUE,Instagram,63,95,314
671,male,49,Urban,Student,94663,13991,48,1985,TRUE,FALSE,Facebook,87,44,491
672,male,68,Urban,Software Engineer,42431,3808,36,512,TRUE,TRUE,Instagram,32,10,784
673,female,63,Rural,Marketer Manager,81681,40410,36,1402,FALSE,TRUE,YouTube,10,63,327
674,male,66,Rural,Software Engineer,83483,37593,48,883,TRUE,TRUE,Facebook,11,93,338
675,female,38,Urban,Student,142720,37304,36,1055,TRUE,TRUE,YouTube,70,82,572
676,male,52,Rural,Student,69153,31386,60,1386,TRUE,TRUE,Facebook,62,47,530
677,non-binary,49,Sub_Urban,Marketer Manager,26368,49077,12,1922,TRUE,TRUE,Instagram,47,38,385
678,female,47,Sub_Urban,Student,47424,4802,12,518,TRUE,TRUE,Facebook,34,70,773
679,non-binary,56,Sub_Urban,Software Engineer,132360,29753,12,1074,TRUE,TRUE,Facebook,17,76,425
680,female,66,Sub_Urban,Software Engineer,65004,22083,36,2014,TRUE,TRUE,Instagram,54,53,836
681,non-binary,29,Sub_Urban,Software Engineer,103869,19354,36,1250,TRUE,TRUE,Instagram,76,78,444
682,male,58,Rural,Student,108652,23190,24,1503,TRUE,FALSE,YouTube,85,44,824
683,male,64,Rural,Software Engineer,132755,7142,24,918,FALSE,TRUE,YouTube,40,74,511
684,male,35,Sub_Urban,Software Engineer,76985,29398,12,1860,TRUE,TRUE,Instagram,19,54,324
685,female,38,Rural,Software Engineer,70069,42862,60,918,TRUE,TRUE,Instagram,67,20,693
686,non-binary,30,Rural,Marketer Manager,72326,34132,24,2438,TRUE,TRUE,Instagram,82,79,366
687,male,38,Sub_Urban,Student,128737,20503,24,2439,TRUE,TRUE,Facebook,53,31,532
688,non-binary,25,Rural,Student,101061,49456,36,2135,TRUE,FALSE,Facebook,64,7,408
689,non-binary,63,Rural,Student,43398,35631,60,2198,TRUE,TRUE,Facebook,83,58,445
690,male,57,Rural,Marketer Manager,118393,17499,12,2451,TRUE,FALSE,Instagram,47,10,410
691,male,63,Sub_Urban,Student,70861,40852,24,621,TRUE,TRUE,YouTube,6,10,527
692,non-binary,24,Rural,Marketer Manager,95897,9016,60,931,TRUE,TRUE,Instagram,16,39,410
693,male,40,Urban,Marketer Manager,101905,3384,60,543,TRUE,FALSE,Facebook,72,28,769
694,male,61,Urban,Student,147118,16072,12,2395,TRUE,TRUE,Facebook,18,30,333
695,male,49,Sub_Urban,Software Engineer,88577,37703,60,2443,TRUE,FALSE,Instagram,52,37,668
696,female,28,Urban,Software Engineer,85641,46895,60,1840,TRUE,TRUE,Instagram,48,67,724
697,non-binary,39,Sub_Urban,Student,29078,15482,60,880,TRUE,FALSE,Facebook,43,43,817
698,non-binary,39,Urban,Student,45003,41510,24,644,TRUE,TRUE,Facebook,39,79,581
699,female,60,Urban,Marketer Manager,82768,49933,12,1850,TRUE,TRUE,Facebook,49,85,619
700,non-binary,42,Urban,Student,71047,22826,60,862,TRUE,TRUE,Instagram,12,52,742
701,male,39,Sub_Urban,Marketer Manager,91626,3490,60,1573,FALSE,TRUE,Facebook,10,56,614
702,non-binary,45,Sub_Urban,Student,77660,47092,24,1588,TRUE,TRUE,Facebook,71,76,676
703,male,46,Rural,Software Engineer,124386,26518,12,854,FALSE,TRUE,YouTube,55,68,588
704,female,30,Sub_Urban,Software Engineer,69786,25045,36,1299,TRUE,TRUE,Instagram,1,9,736
705,male,35,Urban,Student,21925,27910,24,1687,TRUE,TRUE,YouTube,49,92,576
706,non-binary,19,Urban,Marketer Manager,103976,25566,12,1664,TRUE,TRUE,YouTube,36,23,802
707,non-binary,46,Sub_Urban,Software Engineer,125221,34905,60,2489,TRUE,TRUE,Facebook,21,63,815
708,non-binary,38,Sub_Urban,Marketer Manager,137832,28103,12,1325,TRUE,TRUE,Instagram,37,61,649
709,female,32,Sub_Urban,Student,145150,37188,12,1651,TRUE,TRUE,Facebook,24,40,745
710,female,69,Rural,Student,46015,6845,12,897,FALSE,TRUE,Instagram,55,44,649
711,non-binary,44,Urban,Software Engineer,53320,22162,36,2456,TRUE,TRUE,YouTube,25,86,436
712,male,67,Rural,Student,84881,37674,12,1379,TRUE,TRUE,Instagram,7,24,542
713,female,48,Rural,Software Engineer,110827,20337,36,962,TRUE,FALSE,Facebook,81,51,842
714,non-binary,32,Urban,Marketer Manager,140071,23313,60,2274,TRUE,TRUE,Facebook,93,58,339
715,non-binary,68,Urban,Software Engineer,122215,27943,36,2359,TRUE,TRUE,Facebook,94,90,528
716,female,40,Sub_Urban,Software Engineer,46289,13413,60,1307,TRUE,TRUE,Instagram,71,94,847
717,female,41,Sub_Urban,Marketer Manager,148859,1276,60,686,FALSE,TRUE,YouTube,97,33,522
718,female,61,Rural,Software Engineer,23389,18611,36,2243,TRUE,TRUE,YouTube,71,16,305
719,male,30,Sub_Urban,Software Engineer,45683,40105,24,1231,TRUE,TRUE,Instagram,24,22,621
720,male,39,Sub_Urban,Student,33629,12944,48,2435,TRUE,TRUE,Facebook,11,57,767
721,non-binary,60,Urban,Marketer Manager,81550,16906,12,1713,TRUE,TRUE,YouTube,73,62,374
722,female,54,Urban,Software Engineer,44826,21536,48,1911,TRUE,TRUE,Facebook,12,82,303
723,male,50,Sub_Urban,Marketer Manager,120734,28810,12,928,TRUE,TRUE,Instagram,35,71,417
724,female,20,Urban,Marketer Manager,46630,13306,12,1357,TRUE,FALSE,Facebook,63,90,803
725,non-binary,36,Sub_Urban,Software Engineer,118762,11503,60,1807,TRUE,TRUE,YouTube,68,72,740
726,male,40,Urban,Student,66163,20225,12,2387,TRUE,TRUE,YouTube,92,70,493
727,male,46,Urban,Marketer Manager,118511,37976,12,736,FALSE,FALSE,Facebook,57,30,691
728,male,47,Urban,Software Engineer,86435,12590,36,1717,TRUE,TRUE,Instagram,13,23,325
729,non-binary,56,Urban,Marketer Manager,31653,11886,48,1810,TRUE,TRUE,Facebook,23,32,734
730,female,61,Sub_Urban,Student,47961,13866,36,1270,TRUE,TRUE,Instagram,83,86,472
731,male,64,Rural,Student,101941,2088,12,1257,TRUE,FALSE,Facebook,39,57,599
732,non-binary,42,Urban,Student,94137,4363,60,635,TRUE,FALSE,YouTube,88,9,625
733,female,54,Sub_Urban,Software Engineer,53662,33792,36,1291,TRUE,TRUE,Instagram,80,31,709
734,non-binary,64,Sub_Urban,Software Engineer,118818,10764,36,2306,TRUE,TRUE,Instagram,97,71,417
735,female,25,Urban,Student,76446,21620,24,670,TRUE,TRUE,Instagram,12,9,524
736,non-binary,59,Rural,Software Engineer,41288,43727,12,658,TRUE,TRUE,YouTube,34,13,831
737,female,33,Urban,Student,142555,13935,60,700,TRUE,TRUE,Facebook,71,58,412
738,male,25,Sub_Urban,Software Engineer,115081,9068,36,2010,TRUE,FALSE,YouTube,75,3,439
739,female,18,Rural,Student,56877,8295,36,2080,TRUE,TRUE,Instagram,31,35,300
740,non-binary,61,Sub_Urban,Marketer Manager,131562,42160,60,1461,TRUE,TRUE,Facebook,93,97,389
741,non-binary,22,Urban,Student,35313,12390,12,2299,TRUE,TRUE,YouTube,62,21,619
742,female,20,Rural,Student,100885,42216,24,1082,TRUE,TRUE,Instagram,13,64,849
743,male,18,Sub_Urban,Software Engineer,92715,21131,36,2027,FALSE,TRUE,Instagram,31,95,438
744,male,21,Sub_Urban,Software Engineer,30326,30218,24,1375,TRUE,TRUE,YouTube,2,52,810
745,female,57,Sub_Urban,Software Engineer,130091,11433,48,870,FALSE,FALSE,YouTube,15,34,558
746,female,52,Urban,Software Engineer,145836,16038,12,602,TRUE,FALSE,YouTube,57,96,309
747,non-binary,49,Rural,Software Engineer,21560,29182,48,1501,TRUE,TRUE,Instagram,75,35,560
748,male,59,Urban,Software Engineer,99148,12528,48,1648,TRUE,FALSE,YouTube,34,15,471
749,female,51,Urban,Marketer Manager,103186,22281,48,1836,FALSE,TRUE,Instagram,68,96,312
750,male,60,Urban,Student,46745,49511,12,1475,TRUE,TRUE,YouTube,75,6,467
751,female,42,Rural,Student,51890,9605,12,1297,TRUE,TRUE,Instagram,29,85,620
752,female,27,Urban,Student,40022,35782,60,1981,TRUE,TRUE,Instagram,66,97,618
753,male,38,Urban,Marketer Manager,143629,2381,24,1753,TRUE,FALSE,Facebook,16,32,628
754,female,63,Urban,Student,72579,2098,24,1157,TRUE,TRUE,YouTube,39,52,849
755,female,56,Urban,Marketer Manager,90316,20810,60,1381,TRUE,TRUE,YouTube,77,83,718
756,non-binary,44,Sub_Urban,Marketer Manager,103847,25322,60,1720,TRUE,TRUE,Instagram,37,97,394
757,female,44,Urban,Marketer Manager,48380,42869,48,2408,TRUE,TRUE,Instagram,81,28,617
758,female,19,Sub_Urban,Student,130198,33955,60,1232,TRUE,TRUE,Instagram,21,95,535
759,female,58,Urban,Marketer Manager,22356,45716,36,922,TRUE,TRUE,Facebook,44,85,633
760,non-binary,65,Rural,Student,90326,11207,24,1071,TRUE,TRUE,Facebook,19,98,675
761,male,30,Sub_Urban,Student,112447,22793,60,2133,TRUE,TRUE,Instagram,71,64,758
762,non-binary,26,Sub_Urban,Software Engineer,134994,3092,36,670,TRUE,TRUE,YouTube,8,79,436
763,non-binary,69,Sub_Urban,Software Engineer,109899,29220,36,1905,TRUE,TRUE,YouTube,77,78,846
764,male,53,Sub_Urban,Marketer Manager,40049,19514,36,672,TRUE,TRUE,Facebook,66,19,812
765,non-binary,39,Rural,Marketer Manager,95717,39010,36,1162,TRUE,TRUE,Facebook,41,15,595
766,male,59,Urban,Student,125361,9549,48,952,TRUE,TRUE,Instagram,75,6,619
767,non-binary,43,Sub_Urban,Marketer Manager,36082,23031,36,849,TRUE,TRUE,YouTube,88,73,648
768,male,29,Rural,Marketer Manager,20661,6185,48,2425,TRUE,TRUE,Instagram,70,84,528
769,female,34,Sub_Urban,Student,57412,16271,48,2475,TRUE,FALSE,Facebook,61,98,569
770,non-binary,31,Urban,Marketer Manager,134015,6776,36,2157,TRUE,TRUE,YouTube,26,38,590
771,non-binary,31,Sub_Urban,Marketer Manager,143191,13449,24,993,FALSE,TRUE,YouTube,71,26,464
772,non-binary,51,Rural,Student,22920,25297,36,1119,TRUE,FALSE,Facebook,83,82,304
773,non-binary,37,Urban,Student,111194,41591,36,1527,TRUE,TRUE,Instagram,70,92,678
774,female,28,Rural,Software Engineer,134306,16717,36,1616,TRUE,TRUE,Instagram,29,51,377
775,non-binary,33,Urban,Student,80315,41123,24,1418,FALSE,TRUE,YouTube,66,73,709
776,female,68,Urban,Software Engineer,99561,40233,12,505,TRUE,FALSE,Facebook,19,96,431
777,female,48,Urban,Marketer Manager,28946,46505,12,787,TRUE,FALSE,YouTube,68,53,341
778,female,23,Sub_Urban,Student,114242,47092,48,2141,TRUE,TRUE,Facebook,58,56,388
779,female,36,Rural,Student,65500,11350,48,1669,TRUE,TRUE,Instagram,70,59,701
780,male,54,Rural,Student,124540,31622,24,2306,TRUE,TRUE,Facebook,57,70,595
781,male,21,Rural,Marketer Manager,36309,36323,60,1947,TRUE,FALSE,Instagram,37,78,594
782,non-binary,64,Urban,Software Engineer,75230,3951,12,2413,TRUE,FALSE,Facebook,61,92,825
783,male,21,Sub_Urban,Marketer Manager,131822,18622,48,1107,TRUE,TRUE,YouTube,92,58,721
784,male,37,Urban,Marketer Manager,118656,5727,12,956,TRUE,TRUE,Instagram,30,88,322
785,non-binary,27,Rural,Student,143782,39454,24,2264,TRUE,TRUE,YouTube,71,13,442
786,non-binary,41,Sub_Urban,Software Engineer,50027,37469,24,1725,FALSE,TRUE,YouTube,73,43,444
787,non-binary,52,Sub_Urban,Marketer Manager,146768,36548,60,1735,TRUE,TRUE,Instagram,25,76,524
788,male,43,Sub_Urban,Student,92541,24782,60,1529,TRUE,TRUE,Instagram,97,51,802
789,male,54,Rural,Marketer Manager,132340,29454,24,1123,TRUE,TRUE,YouTube,65,19,403
790,non-binary,55,Sub_Urban,Marketer Manager,134846,3368,48,875,TRUE,TRUE,YouTube,6,21,338
791,female,38,Sub_Urban,Student,79321,16592,12,2414,FALSE,FALSE,YouTube,18,91,497
792,non-binary,57,Urban,Student,20956,23173,36,946,TRUE,TRUE,YouTube,10,83,690
793,female,56,Urban,Software Engineer,120375,34204,60,1334,TRUE,TRUE,Instagram,92,24,478
794,female,38,Sub_Urban,Marketer Manager,94131,36596,36,1629,TRUE,TRUE,Instagram,11,26,747
795,non-binary,27,Sub_Urban,Student,67908,35324,48,2174,TRUE,FALSE,YouTube,97,45,799
796,non-binary,55,Urban,Student,98339,47132,60,1310,TRUE,TRUE,Facebook,65,28,314
797,non-binary,63,Urban,Software Engineer,145659,24864,36,1924,TRUE,TRUE,Facebook,77,82,588
798,male,21,Urban,Software Engineer,45963,48829,48,1619,TRUE,TRUE,Instagram,84,29,777
799,female,62,Rural,Student,121757,31750,12,1911,FALSE,TRUE,YouTube,65,17,530
800,male,37,Rural,Software Engineer,59443,11576,48,1458,FALSE,TRUE,YouTube,52,68,719
801,male,34,Urban,Student,119259,17566,60,1975,TRUE,TRUE,Instagram,67,44,456
802,non-binary,24,Sub_Urban,Marketer Manager,59063,8190,24,1348,TRUE,FALSE,Facebook,82,61,849
803,male,21,Urban,Software Engineer,134225,24071,12,1308,TRUE,TRUE,Facebook,78,93,740
804,non-binary,46,Rural,Marketer Manager,136400,39333,36,1478,TRUE,TRUE,Facebook,31,68,396
805,female,31,Sub_Urban,Marketer Manager,100818,16369,60,2424,TRUE,TRUE,Instagram,91,74,710
806,non-binary,20,Rural,Marketer Manager,24703,25035,24,915,TRUE,TRUE,Facebook,17,25,588
807,male,41,Sub_Urban,Student,85128,2589,48,1225,TRUE,TRUE,Instagram,55,95,553
808,male,54,Rural,Marketer Manager,92099,26235,24,2027,TRUE,TRUE,Instagram,93,67,495
809,non-binary,33,Sub_Urban,Marketer Manager,45849,1159,60,953,TRUE,TRUE,YouTube,36,2,821
810,non-binary,69,Sub_Urban,Marketer Manager,51860,13145,60,1814,TRUE,TRUE,Facebook,26,89,816
811,male,21,Sub_Urban,Student,51585,16373,24,2057,TRUE,TRUE,Instagram,53,49,417
812,female,41,Sub_Urban,Marketer Manager,42015,32921,48,1716,TRUE,TRUE,Facebook,17,70,458
813,female,51,Rural,Marketer Manager,97539,40323,24,649,TRUE,TRUE,Facebook,86,26,527
814,non-binary,47,Rural,Software Engineer,63585,17237,60,2403,TRUE,FALSE,YouTube,25,72,515
815,female,35,Sub_Urban,Student,46958,42971,60,1258,TRUE,TRUE,Facebook,2,99,314
816,male,36,Sub_Urban,Marketer Manager,46017,9244,36,1278,TRUE,TRUE,YouTube,86,27,456
817,non-binary,48,Rural,Software Engineer,96707,15743,36,1472,TRUE,TRUE,Instagram,5,89,560
818,male,36,Sub_Urban,Student,144677,32566,12,1262,TRUE,TRUE,Facebook,4,18,456
819,male,66,Sub_Urban,Student,65350,47101,60,1501,TRUE,TRUE,Instagram,36,54,346
820,female,63,Sub_Urban,Student,32201,47109,36,2038,TRUE,FALSE,Facebook,6,1,623
821,non-binary,36,Urban,Student,49426,19691,24,1916,TRUE,TRUE,Instagram,21,61,429
822,non-binary,39,Sub_Urban,Student,37778,34996,48,1839,TRUE,TRUE,Facebook,77,3,710
823,female,41,Urban,Student,65241,6590,24,575,TRUE,TRUE,Facebook,89,68,394
824,male,62,Sub_Urban,Marketer Manager,62229,6585,48,1098,FALSE,TRUE,Facebook,26,41,591
825,male,29,Rural,Marketer Manager,106652,10227,36,1793,FALSE,TRUE,Facebook,55,37,582
826,male,47,Urban,Marketer Manager,148267,29278,12,724,TRUE,TRUE,Facebook,39,51,368
827,male,55,Urban,Marketer Manager,138402,39814,24,2053,TRUE,TRUE,Facebook,84,15,310
828,non-binary,48,Sub_Urban,Software Engineer,68364,13237,24,612,TRUE,FALSE,Facebook,33,8,553
829,non-binary,53,Sub_Urban,Marketer Manager,118833,16649,24,750,TRUE,TRUE,Facebook,14,38,849
830,female,36,Urban,Student,146503,38713,48,1756,FALSE,TRUE,Facebook,56,83,433
831,female,65,Rural,Marketer Manager,149044,8927,36,1340,TRUE,TRUE,Instagram,81,56,322
832,non-binary,62,Rural,Marketer Manager,104878,46409,24,2314,TRUE,TRUE,YouTube,21,47,645
833,non-binary,53,Sub_Urban,Student,77056,49766,24,1213,TRUE,TRUE,Facebook,46,90,601
834,male,47,Rural,Marketer Manager,47490,47154,12,1606,FALSE,TRUE,YouTube,16,10,662
835,male,66,Rural,Marketer Manager,147769,8016,12,624,TRUE,FALSE,Facebook,16,78,695
836,female,50,Sub_Urban,Marketer Manager,39975,15027,36,1698,TRUE,FALSE,Facebook,84,49,517
837,non-binary,35,Rural,Software Engineer,46723,49688,36,1592,TRUE,FALSE,Instagram,29,41,440
838,female,69,Sub_Urban,Marketer Manager,43279,25142,60,1570,TRUE,TRUE,Instagram,92,83,509
839,non-binary,66,Urban,Student,98301,47520,12,1383,TRUE,TRUE,YouTube,8,30,759
840,male,45,Sub_Urban,Student,132214,24545,60,1779,TRUE,TRUE,Instagram,88,5,655
841,female,64,Urban,Marketer Manager,31561,32897,48,2250,FALSE,TRUE,Instagram,3,95,623
842,female,28,Urban,Marketer Manager,127435,4167,60,529,FALSE,TRUE,YouTube,89,71,432
843,non-binary,62,Rural,Marketer Manager,86061,45757,24,780,TRUE,TRUE,Instagram,19,83,426
844,male,50,Rural,Student,108397,27917,60,1423,TRUE,TRUE,Facebook,97,31,405
845,female,34,Rural,Student,69153,23736,36,1760,TRUE,TRUE,YouTube,66,52,677
846,male,23,Sub_Urban,Software Engineer,53142,28990,48,1771,TRUE,TRUE,YouTube,79,88,350
847,female,21,Rural,Software Engineer,46916,15087,24,867,TRUE,TRUE,Facebook,86,98,328
848,male,37,Urban,Software Engineer,84324,23440,60,994,TRUE,TRUE,Instagram,74,23,761
849,non-binary,65,Rural,Student,64965,36205,48,1548,TRUE,TRUE,YouTube,82,48,595
850,female,64,Rural,Software Engineer,145932,16275,48,2109,TRUE,TRUE,YouTube,22,40,596
851,female,44,Sub_Urban,Marketer Manager,24648,6276,24,1217,TRUE,TRUE,Facebook,46,6,706
852,male,32,Sub_Urban,Marketer Manager,55133,42627,60,2013,TRUE,TRUE,Facebook,91,38,704
853,male,23,Urban,Student,70677,41586,48,1516,TRUE,TRUE,Instagram,13,41,645
854,female,64,Sub_Urban,Software Engineer,116059,38496,48,2017,TRUE,TRUE,YouTube,33,27,719
855,non-binary,31,Rural,Marketer Manager,114588,20008,12,1837,TRUE,TRUE,Instagram,5,75,481
856,male,28,Sub_Urban,Student,119950,6738,48,1105,TRUE,TRUE,Instagram,90,69,300
857,male,56,Urban,Software Engineer,118317,33402,12,874,TRUE,TRUE,Facebook,77,57,670
858,male,26,Rural,Marketer Manager,90135,6793,60,1138,TRUE,TRUE,YouTube,27,17,730
859,female,43,Urban,Software Engineer,55046,38291,60,2460,TRUE,TRUE,YouTube,78,71,608
860,female,33,Sub_Urban,Student,67064,6571,60,1548,TRUE,FALSE,YouTube,24,91,436
861,female,22,Sub_Urban,Software Engineer,121459,32331,36,1857,TRUE,TRUE,Facebook,67,47,501
862,female,69,Urban,Student,126625,17209,60,1878,TRUE,TRUE,Facebook,63,79,735
863,non-binary,27,Rural,Software Engineer,89350,49014,48,615,TRUE,TRUE,Facebook,94,13,612
864,non-binary,67,Sub_Urban,Marketer Manager,65893,26394,24,547,TRUE,TRUE,Facebook,99,11,416
865,female,20,Sub_Urban,Student,121520,44148,12,2261,TRUE,TRUE,Facebook,48,90,543
866,non-binary,30,Rural,Student,145818,26682,36,2301,TRUE,TRUE,YouTube,63,86,836
867,male,60,Sub_Urban,Student,81272,3224,60,598,TRUE,FALSE,Instagram,78,92,374
868,male,66,Urban,Software Engineer,112152,42157,60,1982,TRUE,TRUE,YouTube,12,24,685
869,male,47,Sub_Urban,Software Engineer,142907,49695,24,2046,TRUE,TRUE,Instagram,28,93,509
870,female,62,Sub_Urban,Marketer Manager,87649,45452,24,2120,TRUE,TRUE,Facebook,44,73,774
871,male,23,Rural,Student,84674,44408,36,904,TRUE,FALSE,Instagram,93,4,717
872,non-binary,34,Urban,Student,144132,33441,12,1737,TRUE,TRUE,YouTube,43,46,646
873,female,62,Rural,Software Engineer,139044,42430,60,1184,TRUE,TRUE,YouTube,17,18,828
874,non-binary,68,Sub_Urban,Software Engineer,128542,40129,36,1402,TRUE,TRUE,Instagram,40,43,478
875,male,36,Sub_Urban,Marketer Manager,33760,35716,48,1002,TRUE,TRUE,Facebook,49,80,481
876,male,59,Rural,Marketer Manager,41927,45859,48,2244,TRUE,TRUE,Facebook,85,33,324
877,male,52,Rural,Software Engineer,106475,27586,36,1971,TRUE,TRUE,YouTube,57,93,479
878,female,63,Rural,Student,81367,45760,60,1393,TRUE,TRUE,Instagram,87,10,800
879,non-binary,43,Urban,Marketer Manager,117955,24478,36,2099,TRUE,TRUE,Facebook,84,73,460
880,female,68,Sub_Urban,Software Engineer,32588,7318,60,757,TRUE,FALSE,Facebook,64,59,476
881,female,22,Rural,Software Engineer,141750,29694,24,1343,TRUE,TRUE,YouTube,75,31,584
882,male,46,Sub_Urban,Student,121678,21180,36,620,TRUE,FALSE,Facebook,57,28,362
883,female,54,Urban,Software Engineer,124734,13180,60,1309,FALSE,TRUE,Instagram,98,60,455
884,female,37,Urban,Software Engineer,138154,34002,36,1477,TRUE,TRUE,YouTube,74,3,768
885,male,66,Urban,Marketer Manager,72233,16372,36,553,TRUE,TRUE,YouTube,74,55,348
886,female,38,Urban,Software Engineer,64738,30796,60,1518,TRUE,TRUE,Instagram,70,14,383
887,male,27,Sub_Urban,Software Engineer,53397,25427,60,1854,TRUE,TRUE,YouTube,88,58,660
888,male,22,Urban,Marketer Manager,102189,34290,12,1283,FALSE,TRUE,Facebook,76,89,447
889,male,53,Urban,Student,96367,29099,36,740,TRUE,TRUE,Facebook,43,15,641
890,male,23,Rural,Student,144873,46486,48,2278,FALSE,TRUE,Instagram,23,2,775
891,female,43,Urban,Marketer Manager,91260,10821,36,2053,TRUE,TRUE,Facebook,27,24,362
892,male,21,Rural,Marketer Manager,140585,6832,36,982,TRUE,TRUE,Instagram,58,78,659
893,male,56,Urban,Student,96619,13820,60,1512,TRUE,TRUE,Instagram,37,64,626
894,female,56,Urban,Student,131453,17211,36,686,TRUE,TRUE,Facebook,6,71,440
895,female,67,Rural,Student,39816,40890,36,2381,TRUE,FALSE,Instagram,65,24,514
896,non-binary,52,Urban,Student,62240,6842,48,1155,TRUE,TRUE,Facebook,6,27,734
897,female,18,Sub_Urban,Student,26276,2316,60,761,TRUE,TRUE,YouTube,50,37,617
898,female,41,Sub_Urban,Marketer Manager,133939,46968,36,1452,TRUE,TRUE,YouTube,22,94,331
899,non-binary,53,Urban,Software Engineer,124199,18508,24,1887,FALSE,TRUE,Instagram,88,91,584
900,female,23,Sub_Urban,Student,99530,23005,12,990,TRUE,FALSE,Facebook,25,39,604
901,female,58,Rural,Student,43499,16206,48,930,TRUE,TRUE,Facebook,79,63,728
902,female,63,Urban,Software Engineer,108576,19971,36,738,TRUE,TRUE,YouTube,90,79,776
903,female,61,Urban,Software Engineer,128856,26599,24,803,TRUE,TRUE,YouTube,72,26,585
904,non-binary,48,Rural,Software Engineer,102495,23056,36,797,FALSE,TRUE,Facebook,51,65,443
905,female,37,Rural,Software Engineer,141717,2378,36,575,TRUE,FALSE,Instagram,88,4,723
906,female,41,Rural,Software Engineer,91635,2519,60,2223,TRUE,TRUE,YouTube,48,29,318
907,non-binary,42,Urban,Software Engineer,127803,23161,60,1856,TRUE,TRUE,Instagram,70,1,317
908,male,53,Rural,Marketer Manager,105112,41703,60,2423,TRUE,TRUE,Instagram,99,50,670
909,non-binary,38,Rural,Software Engineer,55946,39861,24,1498,TRUE,TRUE,YouTube,65,86,474
910,male,47,Sub_Urban,Software Engineer,75204,6355,36,2281,TRUE,TRUE,Instagram,60,11,493
911,non-binary,41,Sub_Urban,Marketer Manager,71886,10083,12,1141,TRUE,TRUE,Instagram,46,74,801
912,non-binary,61,Urban,Software Engineer,91652,39342,48,1997,TRUE,TRUE,Facebook,36,59,412
913,female,59,Sub_Urban,Student,35563,21456,60,1326,FALSE,FALSE,Instagram,58,62,413
914,male,47,Sub_Urban,Student,112324,14324,60,2446,TRUE,TRUE,Facebook,76,81,521
915,female,39,Rural,Software Engineer,112464,3257,36,782,TRUE,TRUE,YouTube,38,36,563
916,male,45,Rural,Marketer Manager,121872,28364,36,1090,FALSE,TRUE,YouTube,11,56,354
917,non-binary,24,Sub_Urban,Student,29847,25972,24,571,TRUE,FALSE,Facebook,12,90,757
918,non-binary,52,Sub_Urban,Marketer Manager,46155,47179,24,1786,TRUE,TRUE,YouTube,42,21,461
919,male,45,Sub_Urban,Student,99671,27654,60,1202,TRUE,TRUE,Instagram,39,13,679
920,female,31,Urban,Software Engineer,136891,16233,36,2402,FALSE,TRUE,Instagram,71,9,386
921,female,27,Urban,Marketer Manager,103310,16887,12,2410,TRUE,TRUE,Instagram,11,11,354
922,female,33,Urban,Marketer Manager,87278,30320,48,2465,TRUE,TRUE,YouTube,36,75,775
923,female,33,Sub_Urban,Marketer Manager,38309,21808,36,1074,TRUE,TRUE,Instagram,52,70,477
924,non-binary,48,Sub_Urban,Student,20619,31154,36,1499,TRUE,TRUE,YouTube,31,1,690
925,non-binary,59,Urban,Student,103194,35773,24,1391,TRUE,TRUE,Instagram,33,70,648
926,non-binary,42,Urban,Student,70108,28747,48,511,TRUE,TRUE,Facebook,13,77,307
927,non-binary,30,Sub_Urban,Software Engineer,54707,11860,60,640,TRUE,FALSE,YouTube,18,86,612
928,non-binary,23,Rural,Student,40337,43838,36,2289,TRUE,FALSE,YouTube,41,56,742
929,female,61,Urban,Software Engineer,145261,43156,60,2078,FALSE,TRUE,Instagram,58,31,627
930,female,26,Sub_Urban,Marketer Manager,101537,19156,36,516,TRUE,TRUE,YouTube,56,86,353
931,female,62,Sub_Urban,Marketer Manager,86504,21360,60,1586,TRUE,TRUE,YouTube,24,37,538
932,female,53,Rural,Software Engineer,67614,19135,48,752,TRUE,TRUE,Facebook,73,47,528
933,non-binary,60,Sub_Urban,Student,111428,26351,24,964,TRUE,TRUE,Facebook,31,91,350
934,non-binary,37,Sub_Urban,Software Engineer,111155,31499,48,875,TRUE,TRUE,Instagram,55,78,563
935,non-binary,35,Urban,Marketer Manager,20281,48377,12,2327,TRUE,TRUE,Facebook,10,47,717
936,male,60,Urban,Marketer Manager,47420,24554,24,1480,TRUE,TRUE,Instagram,60,69,395
937,female,38,Rural,Software Engineer,100896,20604,48,1019,TRUE,TRUE,Instagram,2,58,387
938,female,21,Rural,Student,59030,17923,12,2360,TRUE,TRUE,Instagram,15,36,377
939,non-binary,67,Sub_Urban,Student,21058,48591,36,589,TRUE,TRUE,YouTube,3,32,587
940,female,50,Urban,Software Engineer,106213,9547,36,1219,TRUE,TRUE,Facebook,43,98,419
941,female,44,Rural,Software Engineer,96260,45283,60,1303,TRUE,TRUE,Instagram,31,64,790
942,non-binary,24,Rural,Student,48404,34002,24,1295,TRUE,TRUE,Facebook,70,71,751
943,male,23,Rural,Marketer Manager,123482,15562,36,1129,TRUE,TRUE,Instagram,67,42,799
944,male,32,Sub_Urban,Software Engineer,125284,8480,24,2384,TRUE,TRUE,Facebook,56,48,464
945,male,35,Urban,Student,49856,27672,36,1698,TRUE,FALSE,Facebook,63,74,481
946,non-binary,49,Rural,Student,29200,5213,60,575,TRUE,TRUE,Instagram,75,81,768
947,female,28,Urban,Marketer Manager,84178,11293,48,2136,TRUE,TRUE,YouTube,15,30,306
948,non-binary,37,Rural,Marketer Manager,53997,35441,60,1425,TRUE,TRUE,Facebook,92,21,629
949,non-binary,41,Rural,Marketer Manager,45611,3100,12,2186,TRUE,FALSE,YouTube,10,60,450
950,female,32,Urban,Marketer Manager,139273,45617,36,899,FALSE,FALSE,YouTube,38,13,384
951,male,65,Urban,Marketer Manager,61235,29172,12,2305,TRUE,TRUE,Instagram,47,1,446
952,male,24,Urban,Software Engineer,137428,21132,12,1469,FALSE,FALSE,Instagram,57,65,680
953,non-binary,38,Sub_Urban,Student,55057,19199,24,1594,TRUE,TRUE,Instagram,50,33,847
954,male,59,Rural,Software Engineer,21239,37609,36,1703,TRUE,TRUE,Facebook,71,38,584
955,non-binary,43,Sub_Urban,Software Engineer,123674,43965,12,1647,TRUE,TRUE,Instagram,15,25,381
956,non-binary,61,Urban,Software Engineer,134474,9016,48,1904,TRUE,TRUE,Instagram,18,26,813
957,female,31,Rural,Software Engineer,85661,40779,12,1816,TRUE,FALSE,Facebook,82,77,822
958,female,54,Sub_Urban,Software Engineer,146945,38261,48,1296,TRUE,TRUE,Facebook,88,59,685
959,female,38,Rural,Marketer Manager,65272,32881,24,694,TRUE,FALSE,Instagram,2,92,770
960,non-binary,35,Sub_Urban,Marketer Manager,109393,18058,12,2434,TRUE,TRUE,Instagram,84,33,418
961,female,22,Urban,Student,81212,25472,60,727,TRUE,TRUE,Instagram,98,41,695
962,male,20,Sub_Urban,Software Engineer,144088,42346,24,1954,TRUE,TRUE,Instagram,43,30,831
963,male,40,Rural,Student,35398,35926,48,2465,TRUE,TRUE,YouTube,26,57,560
964,non-binary,43,Rural,Marketer Manager,140030,35832,24,1959,FALSE,TRUE,YouTube,71,49,555
965,non-binary,54,Rural,Marketer Manager,76503,37021,12,2310,TRUE,TRUE,Instagram,38,48,525
966,female,41,Rural,Marketer Manager,26638,25087,36,960,TRUE,FALSE,YouTube,94,72,352
967,non-binary,66,Urban,Software Engineer,26570,13828,36,1117,TRUE,TRUE,Facebook,42,49,799
968,non-binary,36,Sub_Urban,Software Engineer,88785,32128,48,1544,TRUE,TRUE,YouTube,5,47,805
969,male,68,Urban,Marketer Manager,29110,2401,48,563,TRUE,TRUE,YouTube,11,56,663
970,male,42,Urban,Student,125899,20643,36,664,TRUE,TRUE,Instagram,65,65,579
971,female,38,Urban,Student,99141,16193,48,526,TRUE,FALSE,YouTube,34,12,457
972,non-binary,29,Rural,Marketer Manager,32115,27853,24,1834,TRUE,TRUE,YouTube,1,69,358
973,non-binary,58,Rural,Student,59062,45864,60,1511,TRUE,TRUE,YouTube,83,88,427
974,male,50,Rural,Marketer Manager,42911,21307,60,784,FALSE,TRUE,YouTube,2,6,414
975,non-binary,67,Sub_Urban,Student,124061,37982,24,2183,TRUE,TRUE,Facebook,85,89,508
976,male,21,Rural,Marketer Manager,52556,20611,60,780,TRUE,TRUE,Instagram,20,65,825
977,female,59,Sub_Urban,Student,98131,44791,12,1337,TRUE,TRUE,Instagram,61,25,820
978,male,24,Rural,Software Engineer,148335,12950,24,1330,TRUE,TRUE,Facebook,87,1,536
979,non-binary,39,Rural,Marketer Manager,21969,11704,48,1687,TRUE,TRUE,YouTube,21,32,580
980,female,50,Urban,Marketer Manager,63753,44111,24,2421,TRUE,TRUE,Facebook,88,3,658
981,male,34,Urban,Student,102811,12867,36,1417,TRUE,TRUE,YouTube,68,49,500
982,male,41,Urban,Marketer Manager,24470,3745,48,723,TRUE,TRUE,Facebook,12,19,577
983,female,51,Sub_Urban,Marketer Manager,141863,4866,36,1283,TRUE,TRUE,Instagram,22,60,534
984,female,45,Sub_Urban,Marketer Manager,30225,33245,48,1669,TRUE,TRUE,Instagram,20,29,793
985,male,60,Rural,Software Engineer,127860,45724,60,1464,TRUE,TRUE,Instagram,82,50,303
986,non-binary,58,Sub_Urban,Software Engineer,143008,6818,24,1449,TRUE,FALSE,YouTube,1,2,741
987,male,56,Rural,Student,127510,49861,12,2391,TRUE,TRUE,YouTube,30,73,328
988,female,39,Sub_Urban,Software Engineer,128295,31116,48,1553,TRUE,TRUE,Facebook,97,56,408
989,male,66,Sub_Urban,Student,43196,16493,48,544,TRUE,FALSE,Facebook,24,17,374
990,female,34,Sub_Urban,Software Engineer,125823,29038,36,2310,TRUE,TRUE,Instagram,14,60,445
991,female,51,Urban,Student,33669,21447,60,970,TRUE,TRUE,YouTube,36,36,427
992,non-binary,23,Sub_Urban,Software Engineer,57380,31431,36,533,TRUE,TRUE,Facebook,69,61,341
993,female,63,Urban,Software Engineer,144398,18908,36,1152,TRUE,TRUE,YouTube,75,17,655
994,female,23,Urban,Student,130677,30336,60,1950,TRUE,TRUE,YouTube,24,49,340
995,non-binary,51,Sub_Urban,Marketer Manager,135886,41992,12,1329,TRUE,TRUE,Instagram,60,76,333
996,female,18,Rural,Marketer Manager,146753,5025,36,2409,TRUE,FALSE,Instagram,95,60,316
997,non-binary,27,Rural,Software Engineer,68320,21093,36,720,TRUE,TRUE,YouTube,55,20,452
998,non-binary,38,Rural,Student,67414,7155,48,2391,TRUE,TRUE,YouTube,77,50,677
999,female,22,Sub_Urban,Marketer Manager,123542,47607,60,1033,TRUE,TRUE,YouTube,80,3,641
1000,female,19,Rural,Student,35577,34487,24,1191,TRUE,TRUE,YouTube,24,43,326